symbol,baseCoin,quoteCoin,productType,symbolType,maxLever,isRwa,candles,days_of_returns,first_date,last_date,first_close,last_close,total_return_pct,win_rate_pct,profit_factor,max_drawdown_pct
0GUSDT,0G,USDT,USDT-FUTURES,perpetual,50,NO,90,89,2025-12-13,2026-03-12,0.9358,0.5864,-37.337,37.0787,0.8745,-53.5556
1000000MOGUSDT,1000000MOG,USDT,USDT-FUTURES,perpetual,50,NO,90,89,2025-12-13,2026-03-12,0.2544,0.163,-35.9277,47.191,0.8459,-58.277
1000BONKUSDT,1000BONK,USDT,USDT-FUTURES,perpetual,75,NO,90,89,2025-12-13,2026-03-12,0.009053,0.006204,-31.4702,39.3258,0.8431,-53.7109
1000CATUSDT,1000CAT,USDT,USDT-FUTURES,perpetual,10,NO,90,89,2025-12-13,2026-03-12,0.003016,0.00185,-38.6605,42.6966,0.7862,-53.7939
1000RATSUSDT,1000RATS,USDT,USDT-FUTURES,perpetual,25,NO,90,89,2025-12-13,2026-03-12,0.04196,0.05005,19.2803,47.191,1.2278,-50.4259
1000SATSUSDT,1000SATS,USDT,USDT-FUTURES,perpetual,25,NO,90,89,2025-12-13,2026-03-12,1.631e-05,1.262e-05,-22.6242,42.6966,0.8941,-48.5954
1000XECUSDT,1000XEC,USDT,USDT-FUTURES,perpetual,50,NO,90,89,2025-12-13,2026-03-12,0.01121,0.00709,-36.7529,42.6966,0.6496,-46.0432
1INCHUSDT,1INCH,USDT,USDT-FUTURES,perpetual,75,NO,90,89,2025-12-13,2026-03-12,0.1683,0.0971,-42.3054,44.9438,0.6877,-48.366
1MBABYDOGEUSDT,1MBABYDOGE,USDT,USDT-FUTURES,perpetual,75,NO,90,89,2025-12-13,2026-03-12,0.0006476,0.0004314,-33.3848,44.9438,0.8189,-51.5602
1MCHEEMSUSDT,1MCHEEMS,USDT,USDT-FUTURES,perpetual,25,NO,90,89,2025-12-13,2026-03-12,1.0505,0.4857,-53.7649,33.7079,0.7188,-61.8851
2ZUSDT,2Z,USDT,USDT-FUTURES,perpetual,50,NO,90,89,2025-12-13,2026-03-12,0.11401,0.08114,-28.8308,50.5618,0.8472,-52.9212
4USDT,4,USDT,USDT-FUTURES,perpetual,10,NO,90,89,2025-12-13,2026-03-12,0.02487,0.0082,-67.0285,39.3258,0.7138,-75.1501
AAPLUSDT,AAPL,USDT,USDT-FUTURES,perpetual,100,YES,90,89,2025-12-13,2026-03-12,278.02,256.41,-7.7728,35.9551,0.8186,-10.5064
AAVEUSDT,AAVE,USDT,USDT-FUTURES,perpetual,75,NO,90,89,2025-12-13,2026-03-12,191.35,113.66,-40.601,39.3258,0.7285,-45.0797
ACEUSDT,ACE,USDT,USDT-FUTURES,perpetual,25,NO,90,89,2025-12-13,2026-03-12,0.2266,0.1482,-34.5984,43.8202,0.7891,-52.4806
ACHUSDT,ACH,USDT,USDT-FUTURES,perpetual,75,NO,90,89,2025-12-13,2026-03-12,0.00918,0.006842,-25.4684,47.191,0.8259,-48.3261
ACNUSDT,ACN,USDT,USDT-FUTURES,perpetual,20,YES,90,89,2025-12-13,2026-03-12,274.0,196.8,-28.1752,40.4494,0.6155,-34.4267
ACTUSDT,ACT,USDT,USDT-FUTURES,perpetual,10,NO,90,89,2025-12-13,2026-03-12,0.02081,0.01393,-33.061,44.9438,0.8651,-71.4479
ACUUSDT,ACU,USDT,USDT-FUTURES,perpetual,10,NO,52,51,2026-01-20,2026-03-12,0.13366,0.09358,-29.9865,41.1765,1.1041,-65.9757
ACXUSDT,ACX,USDT,USDT-FUTURES,perpetual,20,NO,90,89,2025-12-13,2026-03-12,0.0541,0.04948,-8.5397,43.8202,1.0968,-42.4633
ADAUSDT,ADA,USDT,USDT-FUTURES,perpetual,75,NO,90,89,2025-12-13,2026-03-12,0.3992,0.2695,-32.49,42.6966,0.7823,-40.5669
AERGOUSDT,AERGO,USDT,USDT-FUTURES,perpetual,50,NO,90,89,2025-12-13,2026-03-12,0.06216,0.05481,-11.8243,42.6966,0.955,-22.186
AEROUSDT,AERO,USDT,USDT-FUTURES,perpetual,75,NO,90,89,2025-12-13,2026-03-12,0.5869,0.3424,-41.6596,43.8202,0.7991,-54.4679
AEVOUSDT,AEVO,USDT,USDT-FUTURES,perpetual,50,NO,90,89,2025-12-13,2026-03-12,0.04073,0.02579,-36.6806,46.0674,0.7545,-50.6355
AGLDUSDT,AGLD,USDT,USDT-FUTURES,perpetual,50,NO,90,89,2025-12-13,2026-03-12,0.2743,0.2595,-5.3956,49.4382,1.0826,-44.6554
AINUSDT,AIN,USDT,USDT-FUTURES,perpetual,10,NO,90,89,2025-12-13,2026-03-12,0.065,0.05254,-19.1692,44.9438,1.0167,-57.1538
AIOUSDT,AIO,USDT,USDT-FUTURES,perpetual,50,NO,90,89,2025-12-13,2026-03-12,0.08973,0.08137,-9.3168,51.6854,1.1171,-61.669
AIUSDT,AI,USDT,USDT-FUTURES,perpetual,10,NO,90,89,2025-12-13,2026-03-12,0.03949,0.02276,-42.3652,42.6966,0.7407,-58.0652
AIXBTUSDT,AIXBT,USDT,USDT-FUTURES,perpetual,50,NO,90,89,2025-12-13,2026-03-12,0.0346,0.0278,-19.6532,44.9438,0.9643,-57.0964
AKTUSDT,AKT,USDT,USDT-FUTURES,perpetual,50,NO,90,89,2025-12-13,2026-03-12,0.4389,0.4705,7.1998,47.191,1.1155,-44.019
ALCHUSDT,ALCH,USDT,USDT-FUTURES,perpetual,25,NO,90,89,2025-12-13,2026-03-12,0.17666,0.07601,-56.9738,47.191,0.789,-62.8805
ALGOUSDT,ALGO,USDT,USDT-FUTURES,perpetual,75,NO,90,89,2025-12-13,2026-03-12,0.12,0.0904,-24.6667,43.8202,0.8467,-42.4157
ALICEUSDT,ALICE,USDT,USDT-FUTURES,perpetual,50,NO,90,89,2025-12-13,2026-03-12,0.2112,0.1202,-43.0871,38.2022,0.7423,-52.4621
ALLOUSDT,ALLO,USDT,USDT-FUTURES,perpetual,20,NO,90,89,2025-12-13,2026-03-12,0.1182,0.1263,6.8528,50.5618,1.1365,-55.5825
ALTUSDT,ALT,USDT,USDT-FUTURES,perpetual,50,NO,90,89,2025-12-13,2026-03-12,0.01247,0.00755,-39.4547,44.9438,0.7142,-48.3728
AMZNUSDT,AMZN,USDT,USDT-FUTURES,perpetual,100,YES,90,89,2025-12-13,2026-03-12,226.25,210.13,-7.1249,44.9438,0.8926,-19.8596
ANIMEUSDT,ANIME,USDT,USDT-FUTURES,perpetual,50,NO,90,89,2025-12-13,2026-03-12,0.006475,0.004821,-25.5444,46.0674,0.9659,-54.3716
ANKRUSDT,ANKR,USDT,USDT-FUTURES,perpetual,50,NO,90,89,2025-12-13,2026-03-12,0.007214,0.004426,-38.6471,41.573,0.736,-44.6674
APEUSDT,APE,USDT,USDT-FUTURES,perpetual,25,NO,90,89,2025-12-13,2026-03-12,0.223,0.0984,-55.8744,37.0787,0.5968,-61.9498
API3USDT,API3,USDT,USDT-FUTURES,perpetual,50,NO,90,89,2025-12-13,2026-03-12,0.468,0.292,-37.6068,42.6966,0.7218,-43.2494
APPUSDT,APP,USDT,USDT-FUTURES,perpetual,20,YES,90,89,2025-12-13,2026-03-12,669.14,448.21,-33.017,47.191,0.7932,-49.0632
APRUSDT,APR,USDT,USDT-FUTURES,perpetual,50,NO,90,89,2025-12-13,2026-03-12,0.1015,0.11369,12.0099,49.4382,1.148,-52.391
APTUSDT,APT,USDT,USDT-FUTURES,perpetual,75,NO,90,89,2025-12-13,2026-03-12,1.638,0.9168,-44.0293,43.8202,0.7107,-58.0177
ARBUSDT,ARB,USDT,USDT-FUTURES,perpetual,50,NO,90,89,2025-12-13,2026-03-12,0.2074,0.1017,-50.9643,43.8202,0.6263,-58.4083
ARCUSDT,ARC,USDT,USDT-FUTURES,perpetual,25,NO,90,89,2025-12-13,2026-03-12,0.02983,0.04559,52.8327,44.9438,1.4628,-76.9217
ARIAUSDT,ARIA,USDT,USDT-FUTURES,perpetual,20,NO,90,89,2025-12-13,2026-03-12,0.06421,0.13239,106.1828,53.9326,1.561,-41.1407
ARKMUSDT,ARKM,USDT,USDT-FUTURES,perpetual,75,NO,90,89,2025-12-13,2026-03-12,0.2071,0.112,-45.9198,41.573,0.7093,-56.5997
ARKUSDT,ARK,USDT,USDT-FUTURES,perpetual,25,NO,90,89,2025-12-13,2026-03-12,0.2753,0.1795,-34.7984,43.8202,0.7017,-44.094
ARMUSDT,ARM,USDT,USDT-FUTURES,perpetual,10,YES,90,89,2025-12-13,2026-03-12,130.75,115.31,-11.8088,40.4494,0.9047,-21.5755
ARPAUSDT,ARPA,USDT,USDT-FUTURES,perpetual,50,NO,90,89,2025-12-13,2026-03-12,0.01324,0.01007,-23.9426,39.3258,0.9457,-54.3972
ARUSDT,AR,USDT,USDT-FUTURES,perpetual,75,NO,90,89,2025-12-13,2026-03-12,3.795,1.88,-50.4611,40.4494,0.668,-63.2875
ASMLUSDT,ASML,USDT,USDT-FUTURES,perpetual,10,YES,90,89,2025-12-13,2026-03-12,1079.75,1359.43,25.9023,52.809,1.4656,-15.1987
ASRUSDT,ASR,USDT,USDT-FUTURES,perpetual,10,NO,90,89,2025-12-13,2026-03-12,1.332,1.322,-0.7508,41.573,1.1029,-34.9647
ASTERUSDT,ASTER,USDT,USDT-FUTURES,perpetual,50,NO,90,89,2025-12-13,2026-03-12,0.9383,0.7092,-24.4165,50.5618,0.8712,-47.2344
ASTRUSDT,ASTR,USDT,USDT-FUTURES,perpetual,50,NO,90,89,2025-12-13,2026-03-12,0.01185,0.00751,-36.6245,41.573,0.7448,-41.3534
ATAUSDT,ATA,USDT,USDT-FUTURES,perpetual,25,NO,90,89,2025-12-13,2026-03-12,0.01751,0.01218,-30.4397,44.9438,0.7942,-47.8455
ATHUSDT,ATH,USDT,USDT-FUTURES,perpetual,25,NO,90,89,2025-12-13,2026-03-12,0.01121,0.005942,-46.9938,40.4494,0.7563,-57.2526
ATOMUSDT,ATOM,USDT,USDT-FUTURES,perpetual,75,NO,90,89,2025-12-13,2026-03-12,2.1204,1.8407,-13.1909,48.3146,0.926,-34.7699
ATUSDT,AT,USDT,USDT-FUTURES,perpetual,50,NO,90,89,2025-12-13,2026-03-12,0.0923,0.1431,55.0379,46.0674,1.5962,-25.3968
AUCTIONUSDT,AUCTION,USDT,USDT-FUTURES,perpetual,25,NO,90,89,2025-12-13,2026-03-12,5.286,4.712,-10.8589,44.9438,1.0125,-35.0725
AUSDT,A,USDT,USDT-FUTURES,perpetual,75,NO,90,89,2025-12-13,2026-03-12,0.17135,0.07775,-54.625,43.8202,0.5729,-59.4987
AVAUSDT,AVA,USDT,USDT-FUTURES,perpetual,50,NO,90,89,2025-12-13,2026-03-12,0.2921,0.2032,-30.4348,43.8202,0.755,-50.4408
AVAXUSDT,AVAX,USDT,USDT-FUTURES,perpetual,75,NO,90,89,2025-12-13,2026-03-12,13.015,9.816,-24.5793,42.6966,0.8187,-43.5658
AVGOUSDT,AVGO,USDT,USDT-FUTURES,perpetual,25,YES,31,30,2026-02-10,2026-03-12,339.07,338.35,-0.2123,43.3333,1.021,-8.8802
AVNTUSDT,AVNT,USDT,USDT-FUTURES,perpetual,20,NO,90,89,2025-12-13,2026-03-12,0.28,0.16825,-39.9107,42.6966,0.8364,-62.2969
AWEUSDT,AWE,USDT,USDT-FUTURES,perpetual,40,NO,90,89,2025-12-13,2026-03-12,0.057674,0.052791,-8.4666,60.6742,1.049,-53.7545
AXLUSDT,AXL,USDT,USDT-FUTURES,perpetual,50,NO,90,89,2025-12-13,2026-03-12,0.1465,0.05614,-61.6792,38.2022,0.6658,-65.2082
AXSUSDT,AXS,USDT,USDT-FUTURES,perpetual,50,NO,90,89,2025-12-13,2026-03-12,0.973,1.147,17.8828,41.573,1.2395,-60.8711
AZTECUSDT,AZTEC,USDT,USDT-FUTURES,perpetual,20,NO,30,29,2026-02-11,2026-03-12,0.02133,0.02364,10.8298,41.3793,1.307,-41.0061
B2USDT,B2,USDT,USDT-FUTURES,perpetual,50,NO,90,89,2025-12-13,2026-03-12,0.6242,0.686,9.9007,47.191,1.1452,-25.3049
B3USDT,B3,USDT,USDT-FUTURES,perpetual,25,NO,90,89,2025-12-13,2026-03-12,0.000918,0.0004064,-55.7298,38.2022,0.6434,-68.3672
BABAUSDT,BABA,USDT,USDT-FUTURES,perpetual,20,YES,90,89,2025-12-13,2026-03-12,155.02,134.53,-13.2176,41.573,0.8201,-27.691
BABYUSDT,BABY,USDT,USDT-FUTURES,perpetual,75,NO,90,89,2025-12-13,2026-03-12,0.01799,0.01462,-18.7326,51.6854,0.8977,-43.8294
BANANAS31USDT,BANANAS31,USDT,USDT-FUTURES,perpetual,25,NO,90,89,2025-12-13,2026-03-12,0.003349,0.007938,137.026,56.1798,1.7654,-32.6641
BANANAUSDT,BANANA,USDT,USDT-FUTURES,perpetual,50,NO,90,89,2025-12-13,2026-03-12,7.485,4.291,-42.672,46.0674,0.7466,-49.4362
BANDUSDT,BAND,USDT,USDT-FUTURES,perpetual,50,NO,90,89,2025-12-13,2026-03-12,0.3473,0.2365,-31.9033,46.0674,0.7804,-45.9962
BANKUSDT,BANK,USDT,USDT-FUTURES,perpetual,25,NO,90,89,2025-12-13,2026-03-12,0.04,0.03812,-4.7,47.191,1.0535,-48.1435
BANUSDT,BAN,USDT,USDT-FUTURES,perpetual,50,NO,90,89,2025-12-13,2026-03-12,0.06792,0.11439,68.4187,57.3034,1.4568,-22.8489
BARDUSDT,BARD,USDT,USDT-FUTURES,perpetual,50,NO,90,89,2025-12-13,2026-03-12,0.7965,1.1277,41.5819,49.4382,1.3808,-27.6555
BASUSDT,BAS,USDT,USDT-FUTURES,perpetual,10,NO,90,89,2025-12-13,2026-03-12,0.010038,0.008306,-17.2544,52.809,1.0734,-69.5457
BATUSDT,BAT,USDT,USDT-FUTURES,perpetual,50,NO,90,89,2025-12-13,2026-03-12,0.2594,0.0979,-62.2591,37.0787,0.4917,-63.5698
BBUSDT,BB,USDT,USDT-FUTURES,perpetual,50,NO,90,89,2025-12-13,2026-03-12,0.06942,0.02816,-59.4353,37.0787,0.6235,-65.6295
BCHUSDT,BCH,USDT,USDT-FUTURES,perpetual,75,NO,90,89,2025-12-13,2026-03-12,568.09,465.38,-18.0799,48.3146,0.8653,-32.766
BEAMUSDT,BEAM,USDT,USDT-FUTURES,perpetual,50,NO,90,89,2025-12-13,2026-03-12,0.003104,0.002025,-34.7616,47.191,0.7967,-45.4844
BEATUSDT,BEAT,USDT,USDT-FUTURES,perpetual,25,NO,90,89,2025-12-13,2026-03-12,1.47719,0.41179,-72.1234,47.191,1.0106,-96.2321
BELUSDT,BEL,USDT,USDT-FUTURES,perpetual,10,NO,90,89,2025-12-13,2026-03-12,0.1325,0.1024,-22.717,44.9438,0.8657,-38.1148
BERAUSDT,BERA,USDT,USDT-FUTURES,perpetual,50,NO,90,89,2025-12-13,2026-03-12,0.739,0.6026,-18.4574,41.573,1.0226,-56.5961
BGBUSDT,BGB,USDT,USDT-FUTURES,perpetual,50,NO,90,89,2025-12-13,2026-03-12,3.57,2.1618,-39.4454,38.2022,0.4107,-44.0279
BICOUSDT,BICO,USDT,USDT-FUTURES,perpetual,50,NO,90,89,2025-12-13,2026-03-12,0.04618,0.02282,-50.5847,46.0674,0.6249,-62.176
BIGTIMEUSDT,BIGTIME,USDT,USDT-FUTURES,perpetual,50,NO,90,89,2025-12-13,2026-03-12,0.0214,0.01373,-35.8411,44.9438,0.7641,-49.7673
BIOUSDT,BIO,USDT,USDT-FUTURES,perpetual,75,NO,90,89,2025-12-13,2026-03-12,0.04752,0.02125,-55.282,42.6966,0.7092,-61.1324
BIRBUSDT,BIRB,USDT,USDT-FUTURES,perpetual,20,NO,44,43,2026-01-28,2026-03-12,0.26609,0.15244,-42.7111,41.8605,0.7583,-56.6892
BLASTUSDT,BLAST,USDT,USDT-FUTURES,perpetual,25,NO,90,89,2025-12-13,2026-03-12,0.000797,0.000493,-38.143,42.6966,0.7467,-43.8657
BLESSUSDT,BLESS,USDT,USDT-FUTURES,perpetual,10,NO,90,89,2025-12-13,2026-03-12,0.014308,0.00479,-66.5222,40.4494,0.6245,-69.7302
BLURUSDT,BLUR,USDT,USDT-FUTURES,perpetual,50,NO,90,89,2025-12-13,2026-03-12,0.03294,0.01931,-41.3783,42.6966,0.7647,-53.7484
BMTUSDT,BMT,USDT,USDT-FUTURES,perpetual,20,NO,90,89,2025-12-13,2026-03-12,0.02441,0.016,-34.4531,48.3146,0.7289,-47.3146
BNBUSDT,BNB,USDT,USDT-FUTURES,perpetual,75,NO,90,89,2025-12-13,2026-03-12,886.05,658.62,-25.6679,42.6966,0.736,-38.6693
BNTUSDT,BNT,USDT,USDT-FUTURES,perpetual,50,NO,90,89,2025-12-13,2026-03-12,0.4277,0.2978,-30.3718,41.573,0.731,-39.3662
BOBUSDT,BOB,USDT,USDT-FUTURES,perpetual,20,NO,90,89,2025-12-13,2026-03-12,0.01548,0.006569,-57.5646,47.191,0.6374,-66.77
BOMEUSDT,BOME,USDT,USDT-FUTURES,perpetual,75,NO,90,89,2025-12-13,2026-03-12,0.0006395,0.0004561,-28.6787,40.4494,0.8825,-56.1309
BRETTUSDT,BRETT,USDT,USDT-FUTURES,perpetual,75,NO,90,89,2025-12-13,2026-03-12,0.01656,0.00762,-53.9855,39.3258,0.7021,-66.1233
BREVUSDT,BREV,USDT,USDT-FUTURES,perpetual,20,NO,67,66,2026-01-05,2026-03-12,0.3841,0.133,-65.3736,43.9394,0.5694,-73.854
BROCCOLIUSDT,BROCCOLI,USDT,USDT-FUTURES,perpetual,20,NO,90,89,2025-12-13,2026-03-12,0.01294,0.01406,8.6553,40.4494,1.2076,-67.2198
BRUSDT,BR,USDT,USDT-FUTURES,perpetual,20,NO,90,89,2025-12-13,2026-03-12,0.06319,0.05737,-9.2103,46.0674,1.0083,-29.223
BSVUSDT,BSV,USDT,USDT-FUTURES,perpetual,75,NO,90,89,2025-12-13,2026-03-12,19.37,14.86,-23.2834,40.4494,0.8652,-38.8032
BTCUSDT,BTC,USDT,USDT-FUTURES,perpetual,150,NO,90,89,2025-12-13,2026-03-12,88991.0,71451.5,-19.7093,46.0674,0.7826,-33.8825
BUSDT,B,USDT,USDT-FUTURES,perpetual,50,NO,90,89,2025-12-13,2026-03-12,0.2457,0.18,-26.7399,35.9551,1.0285,-54.2899
C98USDT,C98,USDT,USDT-FUTURES,perpetual,50,NO,90,89,2025-12-13,2026-03-12,0.02535,0.02769,9.2308,48.3146,1.1417,-30.9169
CAKEUSDT,CAKE,USDT,USDT-FUTURES,perpetual,75,NO,90,89,2025-12-13,2026-03-12,2.1803,1.4028,-35.6602,43.8202,0.722,-44.9204
CARVUSDT,CARV,USDT,USDT-FUTURES,perpetual,25,NO,90,89,2025-12-13,2026-03-12,0.1359,0.05766,-57.5717,44.9438,0.6183,-66.2208
CATIUSDT,CATI,USDT,USDT-FUTURES,perpetual,50,NO,90,89,2025-12-13,2026-03-12,0.06154,0.04407,-28.388,41.573,0.6842,-40.2985
CELOUSDT,CELO,USDT,USDT-FUTURES,perpetual,75,NO,90,89,2025-12-13,2026-03-12,0.1448,0.0756,-47.7901,40.4494,0.6885,-50.8832
CELRUSDT,CELR,USDT,USDT-FUTURES,perpetual,50,NO,90,89,2025-12-13,2026-03-12,0.003974,0.002679,-32.5868,49.4382,0.7768,-48.1164
CETUSUSDT,CETUS,USDT,USDT-FUTURES,perpetual,25,NO,90,89,2025-12-13,2026-03-12,0.02679,0.01777,-33.6693,44.9438,0.7879,-49.4765
CFXUSDT,CFX,USDT,USDT-FUTURES,perpetual,75,NO,90,89,2025-12-13,2026-03-12,0.07303,0.05381,-26.318,39.3258,0.8355,-45.6701
CGPTUSDT,CGPT,USDT,USDT-FUTURES,perpetual,50,NO,90,89,2025-12-13,2026-03-12,0.03301,0.02177,-34.0503,49.4382,0.7873,-49.1379
CHILLGUYUSDT,CHILLGUY,USDT,USDT-FUTURES,perpetual,10,NO,90,89,2025-12-13,2026-03-12,0.01842,0.00984,-46.5798,40.4494,0.7748,-64.6568
CHRUSDT,CHR,USDT,USDT-FUTURES,perpetual,50,NO,90,89,2025-12-13,2026-03-12,0.04902,0.01675,-65.8303,39.3258,0.4901,-68.7412
CHZUSDT,CHZ,USDT,USDT-FUTURES,perpetual,75,NO,90,89,2025-12-13,2026-03-12,0.03268,0.03727,14.0453,52.809,1.1534,-47.776
CKBUSDT,CKB,USDT,USDT-FUTURES,perpetual,50,NO,90,89,2025-12-13,2026-03-12,0.002528,0.001569,-37.9351,41.573,0.712,-51.5641
CLANKERUSDT,CLANKER,USDT,USDT-FUTURES,perpetual,20,NO,90,89,2025-12-13,2026-03-12,36.55,26.91,-26.3748,38.2022,0.9916,-44.0657
CLOUSDT,CLO,USDT,USDT-FUTURES,perpetual,20,NO,90,89,2025-12-13,2026-03-12,0.2984,0.0717,-75.9718,49.4382,0.8332,-93.2126
COAIUSDT,COAI,USDT,USDT-FUTURES,perpetual,10,NO,90,89,2025-12-13,2026-03-12,0.5751,0.3205,-44.2706,42.6966,0.7656,-53.0864
COINUSDT,COIN,USDT,USDT-FUTURES,perpetual,25,YES,90,89,2025-12-13,2026-03-12,267.29,195.61,-26.8173,35.9551,0.8093,-45.9015
COMPUSDT,COMP,USDT,USDT-FUTURES,perpetual,75,NO,90,89,2025-12-13,2026-03-12,29.45,18.02,-38.8115,42.6966,0.7183,-46.927
COOKIEUSDT,COOKIE,USDT,USDT-FUTURES,perpetual,25,NO,90,89,2025-12-13,2026-03-12,0.04742,0.01997,-57.887,41.573,0.6665,-66.6193
COPPERUSDT,COPPER,USDT,USDT-FUTURES,perpetual,100,YES,5,4,2026-03-08,2026-03-12,5.839,5.841,0.0343,25.0,1.0335,-2.0295
COPUSDT,COP,USDT,USDT-FUTURES,perpetual,50,NO,2,1,2026-03-11,2026-03-12,120.05,120.33,0.2332,100.0,inf,0.0
COREUSDT,CORE,USDT,USDT-FUTURES,perpetual,25,NO,90,89,2025-12-13,2026-03-12,0.17732,0.08124,-54.1845,38.2022,0.5932,-56.0794
COSTUSDT,COST,USDT,USDT-FUTURES,perpetual,25,YES,12,11,2026-03-01,2026-03-12,1008.25,1002.7,-0.5505,54.5455,0.8861,-2.5638
COTIUSDT,COTI,USDT,USDT-FUTURES,perpetual,50,NO,90,89,2025-12-13,2026-03-12,0.02356,0.01239,-47.4109,41.573,0.6522,-52.674
COWUSDT,COW,USDT,USDT-FUTURES,perpetual,50,NO,90,89,2025-12-13,2026-03-12,0.1993,0.2401,20.4717,58.427,1.2135,-44.4444
CRCLUSDT,CRCL,USDT,USDT-FUTURES,perpetual,25,YES,90,89,2025-12-13,2026-03-12,82.99,114.49,37.9564,39.3258,1.3339,-41.4675
CROSSUSDT,CROSS,USDT,USDT-FUTURES,perpetual,20,NO,90,89,2025-12-13,2026-03-12,0.13519,0.07226,-46.5493,48.3146,0.6276,-56.7124
CROUSDT,CRO,USDT,USDT-FUTURES,perpetual,25,NO,90,89,2025-12-13,2026-03-12,0.09704,0.07629,-21.3829,43.8202,0.7993,-33.1605
CRVUSDT,CRV,USDT,USDT-FUTURES,perpetual,75,NO,90,89,2025-12-13,2026-03-12,0.381,0.2401,-36.9816,40.4494,0.774,-50.0337
CSCOUSDT,CSCO,USDT,USDT-FUTURES,perpetual,20,YES,90,89,2025-12-13,2026-03-12,78.03,77.89,-0.1794,43.8202,1.0295,-13.9543
CTCUSDT,CTC,USDT,USDT-FUTURES,perpetual,25,NO,90,89,2025-12-13,2026-03-12,0.2797,0.1566,-44.0114,39.3258,0.7306,-52.2295
CTKUSDT,CTK,USDT,USDT-FUTURES,perpetual,50,NO,90,89,2025-12-13,2026-03-12,0.2488,0.1729,-30.5064,44.9438,0.792,-49.5146
CTSIUSDT,CTSI,USDT,USDT-FUTURES,perpetual,50,NO,90,89,2025-12-13,2026-03-12,0.03642,0.02535,-30.3954,42.6966,0.7404,-39.4498
CUSDT,C,USDT,USDT-FUTURES,perpetual,50,NO,90,89,2025-12-13,2026-03-12,0.07859,0.05272,-32.9177,47.191,0.7884,-56.5756
CVCUSDT,CVC,USDT,USDT-FUTURES,perpetual,50,NO,90,89,2025-12-13,2026-03-12,0.0447,0.0303,-32.2148,41.573,0.7158,-40.9973
CVXUSDT,CVX,USDT,USDT-FUTURES,perpetual,25,NO,90,89,2025-12-13,2026-03-12,1.75,2.052,17.2571,44.9438,1.1774,-27.7275
CYBERUSDT,CYBER,USDT,USDT-FUTURES,perpetual,50,NO,90,89,2025-12-13,2026-03-12,0.7806,0.5415,-30.6303,46.0674,0.8605,-37.557
CYSUSDT,CYS,USDT,USDT-FUTURES,perpetual,25,NO,90,89,2025-12-13,2026-03-12,0.35026,0.43332,23.7138,57.3034,1.2256,-61.0366
DASHUSDT,DASH,USDT,USDT-FUTURES,perpetual,50,NO,90,89,2025-12-13,2026-03-12,42.03,33.1,-21.2467,38.2022,1.0416,-66.1873
DEEPUSDT,DEEP,USDT,USDT-FUTURES,perpetual,50,NO,90,89,2025-12-13,2026-03-12,0.0396,0.03424,-13.5354,48.3146,1.0096,-58.8612
DEGENUSDT,DEGEN,USDT,USDT-FUTURES,perpetual,50,NO,90,89,2025-12-13,2026-03-12,0.001424,0.000749,-47.4017,40.4494,0.7195,-56.8776
DENTUSDT,DENT,USDT,USDT-FUTURES,perpetual,20,NO,90,89,2025-12-13,2026-03-12,0.0002383,0.0002299,-3.525,43.8202,1.2533,-48.9292
DEXEUSDT,DEXE,USDT,USDT-FUTURES,perpetual,25,NO,90,89,2025-12-13,2026-03-12,3.455,4.222,22.1997,51.6854,1.2074,-45.012
DIAUSDT,DIA,USDT,USDT-FUTURES,perpetual,50,NO,90,89,2025-12-13,2026-03-12,0.3056,0.1935,-36.6819,42.6966,0.7173,-47.6133
DOGEUSDT,DOGE,USDT,USDT-FUTURES,perpetual,75,NO,90,89,2025-12-13,2026-03-12,0.13541,0.09651,-28.7276,46.0674,0.8202,-41.4139
DOGSUSDT,DOGS,USDT,USDT-FUTURES,perpetual,50,NO,90,89,2025-12-13,2026-03-12,4.84e-05,3.107e-05,-35.8058,42.6966,0.8437,-52.1499
DOLOUSDT,DOLO,USDT,USDT-FUTURES,perpetual,20,NO,90,89,2025-12-13,2026-03-12,0.03693,0.0355,-3.8722,40.4494,1.0809,-55.5679
DOODUSDT,DOOD,USDT,USDT-FUTURES,perpetual,50,NO,90,89,2025-12-13,2026-03-12,0.00518,0.003039,-41.332,41.573,0.7568,-58.2256
DOTUSDT,DOT,USDT,USDT-FUTURES,perpetual,75,NO,90,89,2025-12-13,2026-03-12,1.972,1.529,-22.4645,41.573,0.8743,-45.4064
DRIFTUSDT,DRIFT,USDT,USDT-FUTURES,perpetual,50,NO,90,89,2025-12-13,2026-03-12,0.1883,0.0814,-56.7711,40.4494,0.6976,-59.6064
DYDXUSDT,DYDX,USDT,USDT-FUTURES,perpetual,20,NO,90,89,2025-12-13,2026-03-12,0.1885,0.0895,-52.5199,43.8202,0.6589,-62.8692
DYMUSDT,DYM,USDT,USDT-FUTURES,perpetual,50,NO,90,89,2025-12-13,2026-03-12,0.0741,0.03565,-51.8893,33.7079,0.6139,-54.3405
EDENUSDT,EDEN,USDT,USDT-FUTURES,perpetual,10,NO,90,89,2025-12-13,2026-03-12,0.06603,0.03843,-41.7992,44.9438,0.7979,-58.4701
EGLDUSDT,EGLD,USDT,USDT-FUTURES,perpetual,75,NO,90,89,2025-12-13,2026-03-12,7.22,4.163,-42.3407,42.6966,0.6931,-43.7812
EIGENUSDT,EIGEN,USDT,USDT-FUTURES,perpetual,75,NO,90,89,2025-12-13,2026-03-12,0.4285,0.1891,-55.8693,43.8202,0.6342,-61.3747
ELSAUSDT,ELSA,USDT,USDT-FUTURES,perpetual,20,NO,51,50,2026-01-21,2026-03-12,0.16001,0.0743,-53.5654,46.0,0.6221,-60.0705
ENAUSDT,ENA,USDT,USDT-FUTURES,perpetual,75,NO,90,89,2025-12-13,2026-03-12,0.2377,0.1078,-54.6487,43.8202,0.644,-61.023
ENJUSDT,ENJ,USDT,USDT-FUTURES,perpetual,50,NO,90,89,2025-12-13,2026-03-12,0.03067,0.01847,-39.7783,43.8202,0.7167,-51.5008
ENSOUSDT,ENSO,USDT,USDT-FUTURES,perpetual,25,NO,90,89,2025-12-13,2026-03-12,0.6486,1.2779,97.0244,43.8202,1.5143,-58.2206
ENSUSDT,ENS,USDT,USDT-FUTURES,perpetual,75,NO,90,89,2025-12-13,2026-03-12,10.616,6.107,-42.4736,37.0787,0.7155,-51.3085
EPICUSDT,EPIC,USDT,USDT-FUTURES,perpetual,10,NO,90,89,2025-12-13,2026-03-12,0.4824,0.2585,-46.4138,42.6966,0.7558,-69.9798
ERAUSDT,ERA,USDT,USDT-FUTURES,perpetual,75,NO,90,89,2025-12-13,2026-03-12,0.2203,0.1378,-37.4489,44.9438,0.7267,-41.0022
ESPORTSUSDT,ESPORTS,USDT,USDT-FUTURES,perpetual,20,NO,90,89,2025-12-13,2026-03-12,0.43123,0.29806,-30.8814,42.6966,0.7756,-46.4036
ESPUSDT,ESP,USDT,USDT-FUTURES,perpetual,20,NO,30,29,2026-02-11,2026-03-12,0.08015,0.107194,33.7417,41.3793,1.51,-42.86
ETCUSDT,ETC,USDT,USDT-FUTURES,perpetual,75,NO,90,89,2025-12-13,2026-03-12,12.845,8.356,-34.9475,40.4494,0.7271,-39.9625
ETHFIUSDT,ETHFI,USDT,USDT-FUTURES,perpetual,75,NO,90,89,2025-12-13,2026-03-12,0.8037,0.5742,-28.5554,44.9438,0.8139,-45.7554
ETHUSDT,ETH,USDT,USDT-FUTURES,perpetual,150,NO,90,89,2025-12-13,2026-03-12,3083.38,2124.72,-31.0912,50.5618,0.7408,-44.7872
ETHWUSDT,ETHW,USDT,USDT-FUTURES,perpetual,50,NO,90,89,2025-12-13,2026-03-12,0.5166,0.2927,-43.3411,41.573,0.6701,-52.275
EULUSDT,EUL,USDT,USDT-FUTURES,perpetual,50,NO,90,89,2025-12-13,2026-03-12,3.218,0.935,-70.9447,39.3258,0.5812,-75.3927
FARTCOINUSDT,FARTCOIN,USDT,USDT-FUTURES,perpetual,50,NO,90,89,2025-12-13,2026-03-12,0.3611,0.1592,-55.9125,42.6966,0.7216,-66.4443
FETUSDT,FET,USDT,USDT-FUTURES,perpetual,75,NO,90,89,2025-12-13,2026-03-12,0.2384,0.1842,-22.7349,43.8202,0.8944,-52.4194
FFUSDT,FF,USDT,USDT-FUTURES,perpetual,75,NO,90,89,2025-12-13,2026-03-12,0.11096,0.07468,-32.6965,43.8202,0.698,-34.2826
FIDAUSDT,FIDA,USDT,USDT-FUTURES,perpetual,50,NO,90,89,2025-12-13,2026-03-12,0.04294,0.01578,-63.251,43.8202,0.5097,-67.8611
FIGHTUSDT,FIGHT,USDT,USDT-FUTURES,perpetual,20,NO,50,49,2026-01-22,2026-03-12,0.020152,0.003981,-80.2451,34.6939,0.6039,-84.602
FILUSDT,FIL,USDT,USDT-FUTURES,perpetual,75,NO,90,89,2025-12-13,2026-03-12,1.303,0.882,-32.3101,38.2022,0.8233,-47.9709
FLOCKUSDT,FLOCK,USDT,USDT-FUTURES,perpetual,20,NO,90,89,2025-12-13,2026-03-12,0.1023,0.05566,-45.5914,46.0674,0.7682,-50.9511
FLOKIUSDT,FLOKI,USDT,USDT-FUTURES,perpetual,75,NO,90,89,2025-12-13,2026-03-12,4.473e-05,3.027e-05,-32.3273,37.0787,0.8109,-53.0208
FLUIDUSDT,FLUID,USDT,USDT-FUTURES,perpetual,75,NO,90,89,2025-12-13,2026-03-12,3.063,2.27,-25.8897,40.4494,0.8842,-41.3906
FLUXUSDT,FLUX,USDT,USDT-FUTURES,perpetual,50,NO,90,89,2025-12-13,2026-03-12,0.1112,0.0572,-48.5612,37.0787,0.61,-53.5865
FOGOUSDT,FOGO,USDT,USDT-FUTURES,perpetual,25,NO,58,57,2026-01-14,2026-03-12,0.05483,0.02378,-56.6296,50.8772,0.7004,-62.9765
FOLKSUSDT,FOLKS,USDT,USDT-FUTURES,perpetual,50,NO,90,89,2025-12-13,2026-03-12,25.7065,1.2888,-94.9865,35.9551,0.3213,-95.5443
FORMUSDT,FORM,USDT,USDT-FUTURES,perpetual,50,NO,90,89,2025-12-13,2026-03-12,0.2761,0.298,7.9319,38.2022,1.1505,-56.0952
FORTHUSDT,FORTH,USDT,USDT-FUTURES,perpetual,25,NO,90,89,2025-12-13,2026-03-12,1.6571,0.9134,-44.8796,40.4494,0.6434,-55.8797
FRAXUSDT,FRAX,USDT,USDT-FUTURES,perpetual,50,NO,58,57,2026-01-14,2026-03-12,0.96949,0.6301,-35.0071,43.8596,0.9116,-59.3948
FUNTOKENUSDT,FUNTOKEN,USDT,USDT-FUTURES,perpetual,20,NO,58,57,2026-01-14,2026-03-12,0.001946,0.001382,-28.9825,43.8596,0.7441,-41.1884
FUNUSDT,FUN,USDT,USDT-FUTURES,perpetual,10,NO,57,56,2026-01-15,2026-03-12,0.11557,0.03952,-65.8043,39.2857,0.672,-73.5225
FUSDT,F,USDT,USDT-FUTURES,perpetual,50,NO,90,89,2025-12-13,2026-03-12,0.006982,0.006011,-13.9072,37.0787,0.9674,-38.2766
FUTUUSDT,FUTU,USDT,USDT-FUTURES,perpetual,20,YES,90,89,2025-12-13,2026-03-12,170.84,144.63,-15.3418,39.3258,0.8121,-24.5738
GALAUSDT,GALA,USDT,USDT-FUTURES,perpetual,75,NO,90,89,2025-12-13,2026-03-12,0.00693,0.003376,-51.2843,41.573,0.6465,-59.7632
GASUSDT,GAS,USDT,USDT-FUTURES,perpetual,50,NO,90,89,2025-12-13,2026-03-12,2.03,1.554,-23.4483,46.0674,0.8259,-31.7518
GEUSDT,GE,USDT,USDT-FUTURES,perpetual,20,YES,90,89,2025-12-13,2026-03-12,300.67,306.86,2.0587,48.3146,1.0664,-10.7965
GIGGLEUSDT,GIGGLE,USDT,USDT-FUTURES,perpetual,25,NO,90,89,2025-12-13,2026-03-12,70.2,28.62,-59.2308,48.3146,0.6428,-68.6567
GLMUSDT,GLM,USDT,USDT-FUTURES,perpetual,25,NO,90,89,2025-12-13,2026-03-12,0.2131,0.1277,-40.0751,46.0674,0.7317,-64.8948
GMEUSDT,GME,USDT,USDT-FUTURES,perpetual,20,YES,90,89,2025-12-13,2026-03-12,21.64,24.36,12.5693,47.191,1.245,-12.1784
GMTUSDT,GMT,USDT,USDT-FUTURES,perpetual,50,NO,90,89,2025-12-13,2026-03-12,0.01578,0.01117,-29.2142,43.8202,0.8652,-49.5722
GMXUSDT,GMX,USDT,USDT-FUTURES,perpetual,50,NO,90,89,2025-12-13,2026-03-12,8.493,6.455,-23.9962,47.191,0.84,-31.9722
GOATUSDT,GOAT,USDT,USDT-FUTURES,perpetual,50,NO,90,89,2025-12-13,2026-03-12,0.03783,0.01933,-48.903,38.2022,0.6681,-60.2442
GOOGLUSDT,GOOGL,USDT,USDT-FUTURES,perpetual,100,YES,90,89,2025-12-13,2026-03-12,309.31,305.44,-1.2512,42.6966,0.99,-14.4181
GPSUSDT,GPS,USDT,USDT-FUTURES,perpetual,25,NO,90,89,2025-12-13,2026-03-12,0.00548,0.008535,55.7482,51.6854,1.3593,-38.6326
GRASSUSDT,GRASS,USDT,USDT-FUTURES,perpetual,75,NO,90,89,2025-12-13,2026-03-12,0.3284,0.3684,12.1803,43.8202,1.1672,-54.1555
GRIFFAINUSDT,GRIFFAIN,USDT,USDT-FUTURES,perpetual,10,NO,90,89,2025-12-13,2026-03-12,0.01718,0.00998,-41.9092,41.573,0.816,-67.2719
GRTUSDT,GRT,USDT,USDT-FUTURES,perpetual,75,NO,90,89,2025-12-13,2026-03-12,0.04051,0.02823,-30.3135,40.4494,0.8089,-42.8441
GUNUSDT,GUN,USDT,USDT-FUTURES,perpetual,50,NO,90,89,2025-12-13,2026-03-12,0.01844,0.01676,-9.1106,40.4494,1.1281,-56.1257
GUSDT,G,USDT,USDT-FUTURES,perpetual,50,NO,90,89,2025-12-13,2026-03-12,0.005158,0.003413,-33.8309,46.0674,0.7707,-38.6842
GWEIUSDT,GWEI,USDT,USDT-FUTURES,perpetual,20,NO,44,43,2026-01-28,2026-03-12,0.04124,0.05255,27.4248,53.4884,1.3894,-38.9098
HAEDALUSDT,HAEDAL,USDT,USDT-FUTURES,perpetual,10,NO,90,89,2025-12-13,2026-03-12,0.0441,0.02683,-39.161,43.8202,0.734,-48.899
HBARUSDT,HBAR,USDT,USDT-FUTURES,perpetual,75,NO,90,89,2025-12-13,2026-03-12,0.12029,0.09563,-20.5005,43.8202,0.874,-37.0235
HEIUSDT,HEI,USDT,USDT-FUTURES,perpetual,25,NO,90,89,2025-12-13,2026-03-12,0.1271,0.0793,-37.6082,47.191,0.7329,-49.3075
HFTUSDT,HFT,USDT,USDT-FUTURES,perpetual,25,NO,90,89,2025-12-13,2026-03-12,0.03162,0.01545,-51.1385,40.4494,0.6314,-57.4636
HIVEUSDT,HIVE,USDT,USDT-FUTURES,perpetual,50,NO,90,89,2025-12-13,2026-03-12,0.0995,0.06358,-36.1005,47.191,0.6786,-44.2441
HNTUSDT,HNT,USDT,USDT-FUTURES,perpetual,25,NO,90,89,2025-12-13,2026-03-12,1.806,1.158,-35.8804,38.2022,0.8229,-57.4197
HOLOUSDT,HOLO,USDT,USDT-FUTURES,perpetual,20,NO,90,89,2025-12-13,2026-03-12,0.07154,0.05845,-18.2975,43.8202,0.9609,-38.7089
HOMEUSDT,HOME,USDT,USDT-FUTURES,perpetual,50,NO,90,89,2025-12-13,2026-03-12,0.02241,0.02292,2.2758,52.809,1.0738,-31.9584
HOODUSDT,HOOD,USDT,USDT-FUTURES,perpetual,25,YES,90,89,2025-12-13,2026-03-12,119.17,76.37,-35.9151,35.9551,0.679,-41.4072
HOTUSDT,HOT,USDT,USDT-FUTURES,perpetual,50,NO,90,89,2025-12-13,2026-03-12,0.000495,0.0004129,-16.5859,46.0674,0.8999,-36.9527
HUMAUSDT,HUMA,USDT,USDT-FUTURES,perpetual,20,NO,90,89,2025-12-13,2026-03-12,0.03062,0.0161,-47.42,42.6966,0.8422,-65.844
HUSDT,H,USDT,USDT-FUTURES,perpetual,50,NO,90,89,2025-12-13,2026-03-12,0.0677,0.13667,101.8759,53.9326,1.4638,-51.908
HYPERUSDT,HYPER,USDT,USDT-FUTURES,perpetual,50,NO,90,89,2025-12-13,2026-03-12,0.1483,0.0918,-38.0984,43.8202,0.7415,-42.1192
HYPEUSDT,HYPE,USDT,USDT-FUTURES,perpetual,75,NO,90,89,2025-12-13,2026-03-12,28.81,37.631,30.6178,47.191,1.2737,-26.1506
IBMUSDT,IBM,USDT,USDT-FUTURES,perpetual,20,YES,90,89,2025-12-13,2026-03-12,310.63,247.67,-20.2685,44.9438,0.6731,-26.0094
ICNTUSDT,ICNT,USDT,USDT-FUTURES,perpetual,50,NO,90,89,2025-12-13,2026-03-12,0.3561,0.3736,4.9143,48.3146,1.1691,-41.3819
ICPUSDT,ICP,USDT,USDT-FUTURES,perpetual,50,NO,90,89,2025-12-13,2026-03-12,3.174,2.679,-15.5955,42.6966,0.9384,-52.1415
ICXUSDT,ICX,USDT,USDT-FUTURES,perpetual,50,NO,90,89,2025-12-13,2026-03-12,0.06232,0.03703,-40.5809,42.6966,0.6868,-45.6194
IDOLUSDT,IDOL,USDT,USDT-FUTURES,perpetual,20,NO,90,89,2025-12-13,2026-03-12,0.03159,0.02323,-26.4641,50.5618,0.9103,-54.5504
IDUSDT,ID,USDT,USDT-FUTURES,perpetual,50,NO,90,89,2025-12-13,2026-03-12,0.071,0.04197,-40.8873,40.4494,0.7387,-54.6572
ILVUSDT,ILV,USDT,USDT-FUTURES,perpetual,50,NO,90,89,2025-12-13,2026-03-12,6.399,4.166,-34.8961,44.9438,0.8269,-52.3128
IMXUSDT,IMX,USDT,USDT-FUTURES,perpetual,75,NO,90,89,2025-12-13,2026-03-12,0.2677,0.1689,-36.907,42.6966,0.801,-51.777
INITUSDT,INIT,USDT,USDT-FUTURES,perpetual,50,NO,90,89,2025-12-13,2026-03-12,0.0873,0.0898,2.8637,46.0674,1.1541,-36.6859
INJUSDT,INJ,USDT,USDT-FUTURES,perpetual,75,NO,90,89,2025-12-13,2026-03-12,5.195,3.084,-40.6352,41.573,0.7383,-50.5465
INTCUSDT,INTC,USDT,USDT-FUTURES,perpetual,10,YES,90,89,2025-12-13,2026-03-12,37.73,45.54,20.6997,44.9438,1.2665,-21.1442
INUSDT,IN,USDT,USDT-FUTURES,perpetual,50,NO,90,89,2025-12-13,2026-03-12,0.08233,0.06789,-17.5392,46.0674,0.9784,-41.1029
INXUSDT,INX,USDT,USDT-FUTURES,perpetual,25,NO,42,41,2026-01-30,2026-03-12,0.016137,0.011363,-29.5842,56.0976,0.7234,-31.9266
IOSTUSDT,IOST,USDT,USDT-FUTURES,perpetual,25,NO,90,89,2025-12-13,2026-03-12,0.001649,0.001149,-30.3214,49.4382,0.7602,-45.4092
IOTAUSDT,IOTA,USDT,USDT-FUTURES,perpetual,75,NO,90,89,2025-12-13,2026-03-12,0.0962,0.06399,-33.4823,37.0787,0.77,-44.7069
IOTXUSDT,IOTX,USDT,USDT-FUTURES,perpetual,50,NO,90,89,2025-12-13,2026-03-12,0.00801,0.00529,-33.9576,47.191,0.7353,-48.5779
IOUSDT,IO,USDT,USDT-FUTURES,perpetual,75,NO,90,89,2025-12-13,2026-03-12,0.1691,0.1163,-31.2241,50.5618,0.8571,-46.376
IPUSDT,IP,USDT,USDT-FUTURES,perpetual,50,NO,90,89,2025-12-13,2026-03-12,1.8312,0.7917,-56.7661,41.573,0.7476,-79.5043
IRUSDT,IR,USDT,USDT-FUTURES,perpetual,20,NO,83,82,2025-12-20,2026-03-12,0.2065,0.04285,-79.2494,43.9024,0.5441,-79.724
IRYSUSDT,IRYS,USDT,USDT-FUTURES,perpetual,20,NO,90,89,2025-12-13,2026-03-12,0.03259,0.01777,-45.4741,42.6966,0.8744,-69.607
JASMYUSDT,JASMY,USDT,USDT-FUTURES,perpetual,75,NO,90,89,2025-12-13,2026-03-12,0.006415,0.005847,-8.8542,46.0674,1.0261,-44.8681
JCTUSDT,JCT,USDT,USDT-FUTURES,perpetual,25,NO,90,89,2025-12-13,2026-03-12,0.002234,0.001753,-21.5309,40.4494,0.9943,-52.5576
JDUSDT,JD,USDT,USDT-FUTURES,perpetual,20,YES,90,89,2025-12-13,2026-03-12,29.45,27.92,-5.1952,37.0787,0.9084,-18.342
JOEUSDT,JOE,USDT,USDT-FUTURES,perpetual,10,NO,90,89,2025-12-13,2026-03-12,0.0669,0.0415,-37.9671,34.8315,0.7612,-52.7121
JSTUSDT,JST,USDT,USDT-FUTURES,perpetual,25,NO,90,89,2025-12-13,2026-03-12,0.03844,0.05369,39.6722,58.427,1.4506,-14.1748
JTOUSDT,JTO,USDT,USDT-FUTURES,perpetual,50,NO,90,89,2025-12-13,2026-03-12,0.3807,0.2857,-24.954,50.5618,0.972,-53.5228
JUPUSDT,JUP,USDT,USDT-FUTURES,perpetual,75,NO,90,89,2025-12-13,2026-03-12,0.1986,0.1654,-16.717,44.9438,0.9635,-42.6672
KAIAUSDT,KAIA,USDT,USDT-FUTURES,perpetual,75,NO,90,89,2025-12-13,2026-03-12,0.07341,0.05491,-25.2009,42.6966,0.9286,-42.4496
KAITOUSDT,KAITO,USDT,USDT-FUTURES,perpetual,75,NO,90,89,2025-12-13,2026-03-12,0.5968,0.358,-40.0134,40.4494,0.761,-57.7372
KASUSDT,KAS,USDT,USDT-FUTURES,perpetual,50,NO,90,89,2025-12-13,2026-03-12,0.0456,0.03057,-32.9605,43.8202,0.7752,-45.3059
KAVAUSDT,KAVA,USDT,USDT-FUTURES,perpetual,25,NO,90,89,2025-12-13,2026-03-12,0.0901,0.06033,-33.0411,47.191,0.8195,-49.6117
KERNELUSDT,KERNEL,USDT,USDT-FUTURES,perpetual,50,NO,90,89,2025-12-13,2026-03-12,0.0708,0.09626,35.9605,52.809,1.2646,-33.0908
KGENUSDT,KGEN,USDT,USDT-FUTURES,perpetual,50,NO,90,89,2025-12-13,2026-03-12,0.20008,0.19454,-2.7689,50.5618,1.0937,-49.4128
KITEUSDT,KITE,USDT,USDT-FUTURES,perpetual,25,NO,90,89,2025-12-13,2026-03-12,0.08243,0.24535,197.6465,58.427,1.8235,-20.9841
KMNOUSDT,KMNO,USDT,USDT-FUTURES,perpetual,50,NO,90,89,2025-12-13,2026-03-12,0.06091,0.01985,-67.4109,41.573,0.5047,-69.9823
KNCUSDT,KNC,USDT,USDT-FUTURES,perpetual,50,NO,90,89,2025-12-13,2026-03-12,0.2475,0.1363,-44.9293,44.9438,0.5795,-50.0202
KSMUSDT,KSM,USDT,USDT-FUTURES,perpetual,50,NO,90,89,2025-12-13,2026-03-12,7.55,4.577,-39.3775,37.0787,0.7564,-50.4755
LABUSDT,LAB,USDT,USDT-FUTURES,perpetual,25,NO,90,89,2025-12-13,2026-03-12,0.11184,0.1584,41.6309,49.4382,1.2697,-43.3701
LAUSDT,LA,USDT,USDT-FUTURES,perpetual,50,NO,90,89,2025-12-13,2026-03-12,0.3331,0.2311,-30.6214,43.8202,0.9274,-46.4528
LAYERUSDT,LAYER,USDT,USDT-FUTURES,perpetual,75,NO,90,89,2025-12-13,2026-03-12,0.1933,0.0838,-56.6477,38.2022,0.6105,-59.1331
LDOUSDT,LDO,USDT,USDT-FUTURES,perpetual,75,NO,90,89,2025-12-13,2026-03-12,0.5874,0.3039,-48.2635,49.4382,0.6414,-57.3476
LIGHTUSDT,LIGHT,USDT,USDT-FUTURES,perpetual,10,NO,90,89,2025-12-13,2026-03-12,1.0134,0.1788,-82.3564,39.3258,1.0615,-96.0439
LINEAUSDT,LINEA,USDT,USDT-FUTURES,perpetual,50,NO,90,89,2025-12-13,2026-03-12,0.00737,0.003358,-54.4369,41.573,0.6955,-59.4708
LINKUSDT,LINK,USDT,USDT-FUTURES,perpetual,75,NO,90,89,2025-12-13,2026-03-12,13.462,9.256,-31.2435,46.0674,0.7588,-42.3131
LISTAUSDT,LISTA,USDT,USDT-FUTURES,perpetual,50,NO,90,89,2025-12-13,2026-03-12,0.1612,0.0897,-44.3548,41.573,0.6927,-56.1816
LITUSDT,LIT,USDT,USDT-FUTURES,perpetual,20,NO,80,79,2025-12-23,2026-03-12,3.469,1.161,-66.5321,46.8354,0.6146,-70.885
LLYUSDT,LLY,USDT,USDT-FUTURES,perpetual,20,YES,90,89,2025-12-13,2026-03-12,1028.31,980.22,-4.6766,50.5618,0.9418,-12.2798
LPTUSDT,LPT,USDT,USDT-FUTURES,perpetual,75,NO,90,89,2025-12-13,2026-03-12,3.496,2.262,-35.2975,41.573,0.7653,-36.7849
LQTYUSDT,LQTY,USDT,USDT-FUTURES,perpetual,50,NO,90,89,2025-12-13,2026-03-12,0.4191,0.299,-28.6566,49.4382,0.7997,-37.7882
LRCUSDT,LRC,USDT,USDT-FUTURES,perpetual,50,NO,90,89,2025-12-13,2026-03-12,0.06306,0.0311,-50.6819,44.9438,0.5899,-51.5541
LSKUSDT,LSK,USDT,USDT-FUTURES,perpetual,50,NO,90,89,2025-12-13,2026-03-12,0.2063,0.1313,-36.3548,43.8202,0.6959,-42.9829
LTCUSDT,LTC,USDT,USDT-FUTURES,perpetual,75,NO,90,89,2025-12-13,2026-03-12,78.87,54.98,-30.2904,44.9438,0.7254,-38.6532
LUMIAUSDT,LUMIA,USDT,USDT-FUTURES,perpetual,10,NO,90,89,2025-12-13,2026-03-12,0.1108,0.06529,-41.074,40.4494,0.757,-59.8587
LUNAUSDT,LUNA,USDT,USDT-FUTURES,perpetual,50,NO,90,89,2025-12-13,2026-03-12,0.16413,0.06397,-61.0248,38.2022,0.5318,-64.1747
LUNCUSDT,LUNC,USDT,USDT-FUTURES,perpetual,25,NO,90,89,2025-12-13,2026-03-12,4.267e-05,4.169e-05,-2.2967,44.9438,1.0378,-27.5621
LYNUSDT,LYN,USDT,USDT-FUTURES,perpetual,25,NO,90,89,2025-12-13,2026-03-12,0.07211,0.31351,334.7663,64.0449,1.7643,-61.7137
MAGICUSDT,MAGIC,USDT,USDT-FUTURES,perpetual,25,NO,90,89,2025-12-13,2026-03-12,0.1082,0.06468,-40.2218,41.573,0.7285,-46.7857
MAGMAUSDT,MAGMA,USDT,USDT-FUTURES,perpetual,20,NO,75,74,2025-12-28,2026-03-12,0.15742,0.09981,-36.5964,51.3514,0.8728,-46.0282
MANAUSDT,MANA,USDT,USDT-FUTURES,perpetual,25,NO,90,89,2025-12-13,2026-03-12,0.1405,0.0926,-34.0925,40.4494,0.7995,-47.2599
MANTAUSDT,MANTA,USDT,USDT-FUTURES,perpetual,50,NO,90,89,2025-12-13,2026-03-12,0.0817,0.0691,-15.4223,48.3146,0.9559,-31.4106
MANTRAUSDT,MANTRA,USDT,USDT-FUTURES,perpetual,50,NO,10,9,2026-03-03,2026-03-12,0.02316,0.01619,-30.095,33.3333,0.1498,-31.0449
MASKUSDT,MASK,USDT,USDT-FUTURES,perpetual,75,NO,90,89,2025-12-13,2026-03-12,0.59,0.444,-24.7458,44.9438,0.8379,-43.1353
MAUSDT,MA,USDT,USDT-FUTURES,perpetual,20,YES,90,89,2025-12-13,2026-03-12,570.26,498.75,-12.5399,46.0674,0.7209,-16.2988
MAVUSDT,MAV,USDT,USDT-FUTURES,perpetual,20,NO,90,89,2025-12-13,2026-03-12,0.03034,0.01479,-51.2525,33.7079,0.5709,-56.6579
MBOXUSDT,MBOX,USDT,USDT-FUTURES,perpetual,10,NO,90,89,2025-12-13,2026-03-12,0.03291,0.01644,-50.0456,41.573,0.5946,-54.0075
MCDUSDT,MCD,USDT,USDT-FUTURES,perpetual,20,YES,90,89,2025-12-13,2026-03-12,318.05,323.6,1.745,49.4382,1.079,-6.3495
MEGAUSDT,MEGA,USDT,USDT-FUTURES,perpetual,5,NO,43,42,2026-01-29,2026-03-12,0.12619,0.1366,8.2495,52.381,1.2169,-14.6091
MELANIAUSDT,MELANIA,USDT,USDT-FUTURES,perpetual,50,NO,90,89,2025-12-13,2026-03-12,0.111,0.1111,0.0901,49.4382,1.0697,-43.286
MEMEUSDT,MEME,USDT,USDT-FUTURES,perpetual,25,NO,90,89,2025-12-13,2026-03-12,0.001066,0.0006133,-42.4672,39.3258,0.7499,-56.0096
MERLUSDT,MERL,USDT,USDT-FUTURES,perpetual,25,NO,90,89,2025-12-13,2026-03-12,0.454,0.038,-91.63,37.0787,0.3952,-92.41
METAUSDT,META,USDT,USDT-FUTURES,perpetual,100,YES,90,89,2025-12-13,2026-03-12,643.41,639.91,-0.544,39.3258,1.0104,-11.8283
METISUSDT,METIS,USDT,USDT-FUTURES,perpetual,50,NO,90,89,2025-12-13,2026-03-12,5.94,3.275,-44.8653,43.8202,0.6735,-50.0165
METUSDT,MET,USDT,USDT-FUTURES,perpetual,25,NO,90,89,2025-12-13,2026-03-12,0.2465,0.1623,-34.1582,42.6966,0.7928,-47.8581
MEUSDT,ME,USDT,USDT-FUTURES,perpetual,50,NO,90,89,2025-12-13,2026-03-12,0.2611,0.114,-56.3386,38.2022,0.7079,-59.9855
MEWUSDT,MEW,USDT,USDT-FUTURES,perpetual,50,NO,90,89,2025-12-13,2026-03-12,0.000981,0.0006286,-35.9225,34.8315,0.8219,-50.0891
MINAUSDT,MINA,USDT,USDT-FUTURES,perpetual,75,NO,90,89,2025-12-13,2026-03-12,0.0873,0.05643,-35.3608,41.573,0.7351,-43.072
MIRAUSDT,MIRA,USDT,USDT-FUTURES,perpetual,20,NO,90,89,2025-12-13,2026-03-12,0.137,0.0823,-39.927,49.4382,0.7721,-47.3373
MITOUSDT,MITO,USDT,USDT-FUTURES,perpetual,10,NO,90,89,2025-12-13,2026-03-12,0.07262,0.03957,-45.5109,42.6966,0.6724,-56.1421
MLNUSDT,MLN,USDT,USDT-FUTURES,perpetual,20,NO,90,89,2025-12-13,2026-03-12,4.974,3.907,-21.4515,46.0674,0.8431,-41.218
MMTUSDT,MMT,USDT,USDT-FUTURES,perpetual,50,NO,90,89,2025-12-13,2026-03-12,0.202,0.1292,-36.0396,44.9438,0.8229,-57.2453
MOCAUSDT,MOCA,USDT,USDT-FUTURES,perpetual,75,NO,90,89,2025-12-13,2026-03-12,0.02114,0.01436,-32.0719,47.191,0.8071,-43.0354
MONUSDT,MON,USDT,USDT-FUTURES,perpetual,25,NO,90,89,2025-12-13,2026-03-12,0.02173,0.02142,-1.4266,43.8202,1.0696,-40.4642
MOODENGUSDT,MOODENG,USDT,USDT-FUTURES,perpetual,50,NO,90,89,2025-12-13,2026-03-12,0.07808,0.05176,-33.709,37.0787,0.8274,-52.7706
MORPHOUSDT,MORPHO,USDT,USDT-FUTURES,perpetual,75,NO,90,89,2025-12-13,2026-03-12,1.1037,1.99,80.3026,56.1798,1.5679,-22.6929
MOVEUSDT,MOVE,USDT,USDT-FUTURES,perpetual,50,NO,90,89,2025-12-13,2026-03-12,0.04336,0.02066,-52.3524,42.6966,0.6577,-52.3524
MOVRUSDT,MOVR,USDT,USDT-FUTURES,perpetual,50,NO,90,89,2025-12-13,2026-03-12,2.757,1.269,-53.9717,37.0787,0.5582,-58.4973
MRVLUSDT,MRVL,USDT,USDT-FUTURES,perpetual,20,YES,90,89,2025-12-13,2026-03-12,84.46,87.96,4.144,41.573,1.1013,-22.2174
MSFTUSDT,MSFT,USDT,USDT-FUTURES,perpetual,100,YES,90,89,2025-12-13,2026-03-12,478.17,403.58,-15.5991,42.6966,0.7051,-21.1822
MSTRUSDT,MSTR,USDT,USDT-FUTURES,perpetual,25,YES,90,89,2025-12-13,2026-03-12,176.96,139.33,-21.2647,40.4494,0.8819,-38.7853
MTLUSDT,MTL,USDT,USDT-FUTURES,perpetual,50,NO,90,89,2025-12-13,2026-03-12,0.3888,0.2779,-28.5237,48.3146,0.7432,-36.887
MUBARAKUSDT,MUBARAK,USDT,USDT-FUTURES,perpetual,25,NO,90,89,2025-12-13,2026-03-12,0.01585,0.01566,-1.1987,44.9438,1.0829,-42.6608
MUSDT,M,USDT,USDT-FUTURES,perpetual,20,NO,90,89,2025-12-13,2026-03-12,1.88468,1.47,-22.0027,52.809,0.9177,-34.7651
MUUSDT,MU,USDT,USDT-FUTURES,perpetual,25,YES,31,30,2026-02-10,2026-03-12,396.43,404.17,1.9524,43.3333,1.1023,-14.3551
MYXUSDT,MYX,USDT,USDT-FUTURES,perpetual,10,NO,90,89,2025-12-13,2026-03-12,3.072,0.314,-89.7786,43.8202,0.6313,-95.6677
NAORISUSDT,NAORIS,USDT,USDT-FUTURES,perpetual,20,NO,90,89,2025-12-13,2026-03-12,0.03303,0.05909,78.898,48.3146,1.4224,-52.5465
NEARUSDT,NEAR,USDT,USDT-FUTURES,perpetual,75,NO,90,89,2025-12-13,2026-03-12,1.6074,1.3753,-14.4395,47.191,0.9448,-48.5464
NEIROCTOUSDT,NEIROCTO,USDT,USDT-FUTURES,perpetual,25,NO,90,89,2025-12-13,2026-03-12,0.0001263,7.32e-05,-42.0428,39.3258,0.7807,-58.9676
NEOUSDT,NEO,USDT,USDT-FUTURES,perpetual,75,NO,90,89,2025-12-13,2026-03-12,3.969,2.622,-33.938,39.3258,0.7275,-39.8483
NEWTUSDT,NEWT,USDT,USDT-FUTURES,perpetual,20,NO,90,89,2025-12-13,2026-03-12,0.1069,0.0672,-37.1375,43.8202,0.7942,-44.7619
NIGHTUSDT,NIGHT,USDT,USDT-FUTURES,perpetual,25,NO,90,89,2025-12-13,2026-03-12,0.06723,0.04989,-25.7921,43.8202,0.9503,-54.0911
NILUSDT,NIL,USDT,USDT-FUTURES,perpetual,50,NO,90,89,2025-12-13,2026-03-12,0.06306,0.04952,-21.4716,42.6966,0.9278,-42.5126
NMRUSDT,NMR,USDT,USDT-FUTURES,perpetual,75,NO,90,89,2025-12-13,2026-03-12,10.971,7.647,-30.2981,38.2022,0.7331,-33.5977
NOMUSDT,NOM,USDT,USDT-FUTURES,perpetual,50,NO,90,89,2025-12-13,2026-03-12,0.00833,0.003473,-58.3073,34.8315,0.8114,-75.5292
NOTUSDT,NOT,USDT,USDT-FUTURES,perpetual,75,NO,90,89,2025-12-13,2026-03-12,0.0005658,0.0004167,-26.3521,44.9438,0.8724,-54.5442
NVDAUSDT,NVDA,USDT,USDT-FUTURES,perpetual,100,YES,90,89,2025-12-13,2026-03-12,175.44,183.71,4.7139,43.8202,1.1141,-10.5725
NXPCUSDT,NXPC,USDT,USDT-FUTURES,perpetual,50,NO,90,89,2025-12-13,2026-03-12,0.4679,0.2829,-39.5384,51.6854,0.697,-46.5698
OGNUSDT,OGN,USDT,USDT-FUTURES,perpetual,50,NO,90,89,2025-12-13,2026-03-12,0.03309,0.02669,-19.3412,43.8202,0.9839,-44.4117
OGUSDT,OG,USDT,USDT-FUTURES,perpetual,20,NO,90,89,2025-12-13,2026-03-12,12.164,2.9484,-75.7613,37.0787,0.4819,-79.0412
OLUSDT,OL,USDT,USDT-FUTURES,perpetual,25,NO,90,89,2025-12-13,2026-03-12,0.01802,0.01399,-22.364,40.4494,0.8905,-51.2043
ONDOUSDT,ONDO,USDT,USDT-FUTURES,perpetual,50,NO,90,89,2025-12-13,2026-03-12,0.4503,0.2636,-41.4612,39.3258,0.7404,-48.0366
ONEUSDT,ONE,USDT,USDT-FUTURES,perpetual,50,NO,90,89,2025-12-13,2026-03-12,0.003804,0.002401,-36.8822,38.2022,0.7894,-50.5242
ONGUSDT,ONG,USDT,USDT-FUTURES,perpetual,50,NO,90,89,2025-12-13,2026-03-12,0.0856,0.0609,-28.8551,46.0674,0.7452,-37.8436
ONTUSDT,ONT,USDT,USDT-FUTURES,perpetual,75,NO,90,89,2025-12-13,2026-03-12,0.0653,0.04184,-35.9265,41.573,0.8319,-49.4437
OPENUSDT,OPEN,USDT,USDT-FUTURES,perpetual,20,NO,90,89,2025-12-13,2026-03-12,0.196,0.1532,-21.8367,52.809,0.8886,-27.8061
OPNUSDT,OPN,USDT,USDT-FUTURES,perpetual,20,NO,20,19,2026-02-21,2026-03-12,0.6423,0.3148,-50.9886,42.1053,0.5231,-55.5906
OPUSDT,OP,USDT,USDT-FUTURES,perpetual,75,NO,90,89,2025-12-13,2026-03-12,0.3036,0.1211,-60.112,39.3258,0.5866,-68.3858
ORCAUSDT,ORCA,USDT,USDT-FUTURES,perpetual,25,NO,90,89,2025-12-13,2026-03-12,1.101,0.942,-14.4414,43.8202,1.0105,-40.2608
ORCLUSDT,ORCL,USDT,USDT-FUTURES,perpetual,20,YES,90,89,2025-12-13,2026-03-12,188.27,159.31,-15.3822,47.191,0.8725,-31.0876
ORDERUSDT,ORDER,USDT,USDT-FUTURES,perpetual,20,NO,90,89,2025-12-13,2026-03-12,0.1008,0.0541,-46.3294,41.573,0.7144,-52.0833
ORDIUSDT,ORDI,USDT,USDT-FUTURES,perpetual,75,NO,90,89,2025-12-13,2026-03-12,4.384,2.566,-41.469,46.0674,0.7344,-55.8345
OXTUSDT,OXT,USDT,USDT-FUTURES,perpetual,50,NO,90,89,2025-12-13,2026-03-12,0.02659,0.01892,-28.8454,40.4494,0.824,-44.2647
OXYUSDT,OXY,USDT,USDT-FUTURES,perpetual,50,NO,2,1,2026-03-11,2026-03-12,58.63,58.91,0.4776,100.0,inf,0.0
PARTIUSDT,PARTI,USDT,USDT-FUTURES,perpetual,50,NO,90,89,2025-12-13,2026-03-12,0.0963,0.08059,-16.3136,44.9438,0.9447,-32.9444
PAXGUSDT,PAXG,USDT,USDT-FUTURES,perpetual,50,NO,90,89,2025-12-13,2026-03-12,4316.54,5114.44,18.4847,59.5506,1.4503,-12.3222
PENDLEUSDT,PENDLE,USDT,USDT-FUTURES,perpetual,75,NO,90,89,2025-12-13,2026-03-12,2.1135,1.2763,-39.612,42.6966,0.7749,-52.5151
PENGUUSDT,PENGU,USDT,USDT-FUTURES,perpetual,75,NO,90,89,2025-12-13,2026-03-12,0.010684,0.007318,-31.5051,42.6966,0.8652,-54.3233
PEOPLEUSDT,PEOPLE,USDT,USDT-FUTURES,perpetual,50,NO,90,89,2025-12-13,2026-03-12,0.00935,0.00747,-20.107,38.2022,0.9253,-47.1304
PEPEUSDT,PEPE,USDT,USDT-FUTURES,perpetual,75,NO,90,89,2025-12-13,2026-03-12,4.1942e-06,3.3924e-06,-19.1169,42.6966,0.9469,-54.5167
PEPUSDT,PEP,USDT,USDT-FUTURES,perpetual,20,YES,90,89,2025-12-13,2026-03-12,152.73,159.54,4.4588,51.6854,1.1504,-8.5376
PHAUSDT,PHA,USDT,USDT-FUTURES,perpetual,50,NO,90,89,2025-12-13,2026-03-12,0.03977,0.03103,-21.9764,42.6966,0.9991,-51.5914
PHBUSDT,PHB,USDT,USDT-FUTURES,perpetual,10,NO,90,89,2025-12-13,2026-03-12,0.2931,0.1526,-47.9359,39.3258,0.6488,-57.1192
PIEVERSEUSDT,PIEVERSE,USDT,USDT-FUTURES,perpetual,25,NO,90,89,2025-12-13,2026-03-12,0.3775,0.51063,35.2662,51.6854,1.2677,-57.4887
PIPPINUSDT,PIPPIN,USDT,USDT-FUTURES,perpetual,10,NO,90,89,2025-12-13,2026-03-12,0.33692,0.35721,6.0222,47.191,1.2611,-67.057
PIUSDT,PI,USDT,USDT-FUTURES,perpetual,50,NO,90,89,2025-12-13,2026-03-12,0.2038,0.2873,40.9715,51.6854,1.4097,-38.3754
PIXELUSDT,PIXEL,USDT,USDT-FUTURES,perpetual,50,NO,90,89,2025-12-13,2026-03-12,0.0092,0.010656,15.8261,47.191,1.3998,-57.5069
PLTRUSDT,PLTR,USDT,USDT-FUTURES,perpetual,20,YES,90,89,2025-12-13,2026-03-12,181.78,153.27,-15.6838,39.3258,0.8489,-34.083
PLUMEUSDT,PLUME,USDT,USDT-FUTURES,perpetual,25,NO,90,89,2025-12-13,2026-03-12,0.01806,0.01195,-33.8317,48.3146,0.8481,-54.9669
PNUTUSDT,PNUT,USDT,USDT-FUTURES,perpetual,75,NO,90,89,2025-12-13,2026-03-12,0.07992,0.04691,-41.3038,41.573,0.7485,-55.7992
POLUSDT,POL,USDT,USDT-FUTURES,perpetual,50,NO,90,89,2025-12-13,2026-03-12,0.1178,0.09919,-15.798,42.6966,0.9529,-49.4305
POLYXUSDT,POLYX,USDT,USDT-FUTURES,perpetual,50,NO,90,89,2025-12-13,2026-03-12,0.05617,0.04038,-28.1111,42.6966,0.8405,-42.1383
POPCATUSDT,POPCAT,USDT,USDT-FUTURES,perpetual,50,NO,90,89,2025-12-13,2026-03-12,0.0969,0.05304,-45.2632,34.8315,0.7498,-57.9113
PORTALUSDT,PORTAL,USDT,USDT-FUTURES,perpetual,10,NO,90,89,2025-12-13,2026-03-12,0.02091,0.01242,-40.6026,42.6966,0.7585,-51.3397
POWERUSDT,POWER,USDT,USDT-FUTURES,perpetual,20,NO,90,89,2025-12-13,2026-03-12,0.2224,0.12382,-44.3255,55.0562,1.3894,-93.7462
POWRUSDT,POWR,USDT,USDT-FUTURES,perpetual,50,NO,90,89,2025-12-13,2026-03-12,0.0854,0.06357,-25.5621,43.8202,0.7829,-37.5039
PROMUSDT,PROM,USDT,USDT-FUTURES,perpetual,50,NO,90,89,2025-12-13,2026-03-12,9.0262,1.1293,-87.4886,38.2022,0.3942,-89.3401
PROVEUSDT,PROVE,USDT,USDT-FUTURES,perpetual,75,NO,90,89,2025-12-13,2026-03-12,0.4004,0.2658,-33.6164,44.9438,0.8082,-45.1708
PUFFERUSDT,PUFFER,USDT,USDT-FUTURES,perpetual,25,NO,90,89,2025-12-13,2026-03-12,0.0665,0.03125,-53.0075,41.573,0.6044,-61.3233
PUMPUSDT,PUMP,USDT,USDT-FUTURES,perpetual,75,NO,90,89,2025-12-13,2026-03-12,0.002693,0.002136,-20.6833,51.6854,0.9503,-44.4933
PUNDIXUSDT,PUNDIX,USDT,USDT-FUTURES,perpetual,20,NO,90,89,2025-12-13,2026-03-12,0.2306,0.1519,-34.1284,42.6966,0.6669,-43.702
PYRUSDT,PYR,USDT,USDT-FUTURES,perpetual,25,NO,90,89,2025-12-13,2026-03-12,0.5003,0.3177,-36.4981,40.4494,0.7748,-46.2923
PYTHUSDT,PYTH,USDT,USDT-FUTURES,perpetual,75,NO,90,89,2025-12-13,2026-03-12,0.0626,0.04813,-23.115,48.3146,0.9136,-40.7252
QNTUSDT,QNT,USDT,USDT-FUTURES,perpetual,75,NO,90,89,2025-12-13,2026-03-12,78.49,63.97,-18.4992,42.6966,0.8699,-25.6081
QQQUSDT,QQQ,USDT,USDT-FUTURES,perpetual,20,YES,90,89,2025-12-13,2026-03-12,613.49,599.35,-2.3048,43.8202,0.9312,-6.3777
QTUMUSDT,QTUM,USDT,USDT-FUTURES,perpetual,75,NO,90,89,2025-12-13,2026-03-12,1.449,0.89,-38.5783,39.3258,0.725,-46.8032
QUSDT,Q,USDT,USDT-FUTURES,perpetual,20,NO,90,89,2025-12-13,2026-03-12,0.012383,0.01361,9.9087,51.6854,1.2163,-55.016
RAREUSDT,RARE,USDT,USDT-FUTURES,perpetual,50,NO,90,89,2025-12-13,2026-03-12,0.02259,0.01629,-27.8884,42.6966,0.8153,-46.7811
RAVEUSDT,RAVE,USDT,USDT-FUTURES,perpetual,20,NO,89,88,2025-12-14,2026-03-12,0.44797,0.2489,-44.4382,51.1364,1.0915,-68.4922
RAYUSDT,RAY,USDT,USDT-FUTURES,perpetual,75,NO,90,89,2025-12-13,2026-03-12,1.0334,0.6232,-39.6942,43.8202,0.7851,-55.5137
RDDTUSDT,RDDT,USDT,USDT-FUTURES,perpetual,20,YES,90,89,2025-12-13,2026-03-12,223.26,133.75,-40.0923,42.6966,0.6157,-49.5435
RDNTUSDT,RDNT,USDT,USDT-FUTURES,perpetual,10,NO,90,89,2025-12-13,2026-03-12,0.00952,0.005676,-40.3782,41.573,0.7007,-56.7616
RECALLUSDT,RECALL,USDT,USDT-FUTURES,perpetual,25,NO,90,89,2025-12-13,2026-03-12,0.1017,0.04845,-52.3599,40.4494,0.7398,-66.0362
REDUSDT,RED,USDT,USDT-FUTURES,perpetual,20,NO,90,89,2025-12-13,2026-03-12,0.2474,0.1296,-47.6152,48.3146,0.6686,-53.6178
RENDERUSDT,RENDER,USDT,USDT-FUTURES,perpetual,50,NO,90,89,2025-12-13,2026-03-12,1.508,1.698,12.5995,41.573,1.1414,-50.6735
RESOLVUSDT,RESOLV,USDT,USDT-FUTURES,perpetual,25,NO,90,89,2025-12-13,2026-03-12,0.08618,0.09629,11.7313,47.191,1.2193,-54.9397
REZUSDT,REZ,USDT,USDT-FUTURES,perpetual,50,NO,90,89,2025-12-13,2026-03-12,0.005044,0.003364,-33.3069,41.573,0.8121,-53.4456
RIVERUSDT,RIVER,USDT,USDT-FUTURES,perpetual,20,NO,90,89,2025-12-13,2026-03-12,5.937,18.893,218.2247,50.5618,1.5185,-89.8108
RLSUSDT,RLS,USDT,USDT-FUTURES,perpetual,20,NO,90,89,2025-12-13,2026-03-12,0.01389,0.004494,-67.6458,39.3258,0.6628,-76.8373
ROBOUSDT,ROBO,USDT,USDT-FUTURES,perpetual,20,NO,15,14,2026-02-26,2026-03-12,0.03431,0.0421,22.7048,64.2857,1.6626,-31.1158
RONUSDT,RON,USDT,USDT-FUTURES,perpetual,50,NO,90,89,2025-12-13,2026-03-12,0.1702,0.1004,-41.0106,39.3258,0.8188,-56.0341
ROSEUSDT,ROSE,USDT,USDT-FUTURES,perpetual,50,NO,90,89,2025-12-13,2026-03-12,0.01198,0.01268,5.8431,47.191,1.1262,-48.2068
RPLUSDT,RPL,USDT,USDT-FUTURES,perpetual,50,NO,90,89,2025-12-13,2026-03-12,2.115,1.963,-7.1868,43.8202,1.0351,-37.9587
RSRUSDT,RSR,USDT,USDT-FUTURES,perpetual,50,NO,90,89,2025-12-13,2026-03-12,0.003001,0.00169,-43.6854,44.9438,0.7473,-54.8419
RUNEUSDT,RUNE,USDT,USDT-FUTURES,perpetual,75,NO,90,89,2025-12-13,2026-03-12,0.6384,0.4415,-30.8427,44.9438,0.7595,-44.3636
RVNUSDT,RVN,USDT,USDT-FUTURES,perpetual,50,NO,90,89,2025-12-13,2026-03-12,0.007508,0.005459,-27.2909,46.0674,0.8153,-33.4451
SAFEUSDT,SAFE,USDT,USDT-FUTURES,perpetual,50,NO,90,89,2025-12-13,2026-03-12,0.1462,0.1055,-27.8386,43.8202,0.8781,-54.1126
SAGAUSDT,SAGA,USDT,USDT-FUTURES,perpetual,25,NO,90,89,2025-12-13,2026-03-12,0.06853,0.03386,-50.591,42.6966,0.6499,-57.9746
SAHARAUSDT,SAHARA,USDT,USDT-FUTURES,perpetual,25,NO,90,89,2025-12-13,2026-03-12,0.03091,0.02267,-26.658,41.573,0.9582,-52.8308
SANDUSDT,SAND,USDT,USDT-FUTURES,perpetual,75,NO,90,89,2025-12-13,2026-03-12,0.12779,0.0835,-34.6584,43.8202,0.8335,-52.462
SANTOSUSDT,SANTOS,USDT,USDT-FUTURES,perpetual,50,NO,90,89,2025-12-13,2026-03-12,1.689,1.303,-22.8538,49.4382,0.8822,-51.278
SAPIENUSDT,SAPIEN,USDT,USDT-FUTURES,perpetual,50,NO,90,89,2025-12-13,2026-03-12,0.14665,0.07806,-46.7712,47.191,0.7299,-56.2374
SCRTUSDT,SCRT,USDT,USDT-FUTURES,perpetual,25,NO,90,89,2025-12-13,2026-03-12,0.1192,0.0798,-33.0537,42.6966,0.8167,-59.3647
SEIUSDT,SEI,USDT,USDT-FUTURES,perpetual,75,NO,90,89,2025-12-13,2026-03-12,0.12531,0.06565,-47.6099,37.0787,0.6366,-53.1314
SENTUSDT,SENT,USDT,USDT-FUTURES,perpetual,20,NO,51,50,2026-01-21,2026-03-12,0.02463,0.02154,-12.5457,40.0,0.9844,-47.6718
SFPUSDT,SFP,USDT,USDT-FUTURES,perpetual,75,NO,90,89,2025-12-13,2026-03-12,0.3294,0.2787,-15.3916,42.6966,0.8869,-35.4881
SHELLUSDT,SHELL,USDT,USDT-FUTURES,perpetual,10,NO,90,89,2025-12-13,2026-03-12,0.05295,0.03069,-42.0397,46.0674,0.7508,-51.5336
SHIBUSDT,SHIB,USDT,USDT-FUTURES,perpetual,75,NO,90,89,2025-12-13,2026-03-12,8.086e-06,5.955e-06,-26.3542,42.6966,0.8077,-42.9344
SIGNUSDT,SIGN,USDT,USDT-FUTURES,perpetual,75,NO,90,89,2025-12-13,2026-03-12,0.03288,0.04677,42.2445,48.3146,1.3556,-45.461
SIRENUSDT,SIREN,USDT,USDT-FUTURES,perpetual,50,NO,90,89,2025-12-13,2026-03-12,0.07423,0.56129,656.1498,56.1798,2.3469,-40.4838
SKLUSDT,SKL,USDT,USDT-FUTURES,perpetual,25,NO,90,89,2025-12-13,2026-03-12,0.01135,0.00665,-41.4097,40.4494,0.7217,-46.0595
SKRUSDT,SKR,USDT,USDT-FUTURES,perpetual,20,NO,52,51,2026-01-20,2026-03-12,0.012931,0.023197,79.3906,45.098,2.0573,-63.5235
SKYAIUSDT,SKYAI,USDT,USDT-FUTURES,perpetual,25,NO,90,89,2025-12-13,2026-03-12,0.03029,0.04284,41.4328,51.6854,1.3262,-32.6507
SKYUSDT,SKY,USDT,USDT-FUTURES,perpetual,75,NO,90,89,2025-12-13,2026-03-12,0.0588,0.08189,39.2687,52.809,1.3683,-17.9706
SLPUSDT,SLP,USDT,USDT-FUTURES,perpetual,25,NO,90,89,2025-12-13,2026-03-12,0.000832,0.0006034,-27.476,48.3146,0.8993,-53.3822
SNTUSDT,SNT,USDT,USDT-FUTURES,perpetual,25,NO,90,89,2025-12-13,2026-03-12,0.01473,0.00971,-34.0801,43.8202,0.6751,-39.8113
SNXUSDT,SNX,USDT,USDT-FUTURES,perpetual,50,NO,90,89,2025-12-13,2026-03-12,0.4485,0.3153,-29.699,40.4494,0.8743,-48.7979
SOLUSDT,SOL,USDT,USDT-FUTURES,perpetual,100,NO,90,89,2025-12-13,2026-03-12,130.627,89.979,-31.1176,48.3146,0.7753,-47.4583
SOMIUSDT,SOMI,USDT,USDT-FUTURES,perpetual,50,NO,90,89,2025-12-13,2026-03-12,0.2772,0.1891,-31.7821,46.0674,0.9622,-46.3666
SONICUSDT,SONIC,USDT,USDT-FUTURES,perpetual,10,NO,90,89,2025-12-13,2026-03-12,0.0757,0.0436,-42.4042,47.191,0.7925,-54.1833
SOONUSDT,SOON,USDT,USDT-FUTURES,perpetual,25,NO,90,89,2025-12-13,2026-03-12,0.4066,0.1499,-63.1333,38.2022,0.5704,-63.6006
SOPHUSDT,SOPH,USDT,USDT-FUTURES,perpetual,50,NO,90,89,2025-12-13,2026-03-12,0.01379,0.0087,-36.9108,42.6966,0.7358,-48.1528
SPACEUSDT,SPACE,USDT,USDT-FUTURES,perpetual,20,NO,50,49,2026-01-22,2026-03-12,0.015699,0.007237,-53.9015,38.7755,0.864,-77.7026
SPELLUSDT,SPELL,USDT,USDT-FUTURES,perpetual,50,NO,90,89,2025-12-13,2026-03-12,0.0002559,0.0001753,-31.4967,42.6966,0.6848,-42.9099
SPKUSDT,SPK,USDT,USDT-FUTURES,perpetual,75,NO,90,89,2025-12-13,2026-03-12,0.02171,0.0231,6.4026,48.3146,1.0981,-28.7016
SPXUSDT,SPX,USDT,USDT-FUTURES,perpetual,50,NO,90,89,2025-12-13,2026-03-12,0.5654,0.3217,-43.1022,42.6966,0.8313,-56.9423
SPYUSDT,SPY,USDT,USDT-FUTURES,perpetual,50,YES,31,30,2026-02-10,2026-03-12,692.13,668.99,-3.3433,36.6667,0.7044,-3.3939
SQDUSDT,SQD,USDT,USDT-FUTURES,perpetual,25,NO,90,89,2025-12-13,2026-03-12,0.04323,0.03692,-14.5963,42.6966,1.0491,-68.6926
SSVUSDT,SSV,USDT,USDT-FUTURES,perpetual,75,NO,90,89,2025-12-13,2026-03-12,3.467,2.76,-20.3923,42.6966,0.9228,-44.1558
STABLEUSDT,STABLE,USDT,USDT-FUTURES,perpetual,25,NO,90,89,2025-12-13,2026-03-12,0.01557,0.02903,86.4483,55.0562,1.4247,-45.5984
STBLUSDT,STBL,USDT,USDT-FUTURES,perpetual,50,NO,90,89,2025-12-13,2026-03-12,0.05363,0.03571,-33.4141,40.4494,0.9034,-52.8357
STEEMUSDT,STEEM,USDT,USDT-FUTURES,perpetual,50,NO,90,89,2025-12-13,2026-03-12,0.06921,0.05947,-14.0731,44.9438,0.9483,-41.2374
STGUSDT,STG,USDT,USDT-FUTURES,perpetual,50,NO,90,89,2025-12-13,2026-03-12,0.129,0.1848,43.2558,48.3146,1.334,-42.7628
STORJUSDT,STORJ,USDT,USDT-FUTURES,perpetual,50,NO,90,89,2025-12-13,2026-03-12,0.1349,0.0961,-28.762,41.573,0.8418,-42.3429
STOUSDT,STO,USDT,USDT-FUTURES,perpetual,20,NO,90,89,2025-12-13,2026-03-12,0.12785,0.06718,-47.454,49.4382,0.6874,-59.429
STRKUSDT,STRK,USDT,USDT-FUTURES,perpetual,75,NO,90,89,2025-12-13,2026-03-12,0.102,0.041741,-59.0775,38.2022,0.5622,-63.1673
STXUSDT,STX,USDT,USDT-FUTURES,perpetual,50,NO,90,89,2025-12-13,2026-03-12,0.2815,0.2586,-8.135,44.9438,1.0101,-40.404
SUIUSDT,SUI,USDT,USDT-FUTURES,perpetual,75,NO,90,89,2025-12-13,2026-03-12,1.585,1.0066,-36.4921,37.0787,0.7744,-56.1618
SUNUSDT,SUN,USDT,USDT-FUTURES,perpetual,50,NO,90,89,2025-12-13,2026-03-12,0.020122,0.015992,-20.5248,46.0674,0.7809,-29.0021
SUPERUSDT,SUPER,USDT,USDT-FUTURES,perpetual,25,NO,90,89,2025-12-13,2026-03-12,0.2586,0.1166,-54.9111,41.573,0.5467,-58.5073
SUSDT,S,USDT,USDT-FUTURES,perpetual,75,NO,90,89,2025-12-13,2026-03-12,0.0886,0.04337,-51.0497,34.8315,0.6914,-61.7318
SUSHIUSDT,SUSHI,USDT,USDT-FUTURES,perpetual,50,NO,90,89,2025-12-13,2026-03-12,0.3132,0.21,-32.9502,42.6966,0.8158,-48.3397
SXTUSDT,SXT,USDT,USDT-FUTURES,perpetual,25,NO,90,89,2025-12-13,2026-03-12,0.02652,0.01874,-29.3363,40.4494,0.896,-52.1075
SYNUSDT,SYN,USDT,USDT-FUTURES,perpetual,10,NO,90,89,2025-12-13,2026-03-12,0.05605,0.04736,-15.504,44.9438,1.0236,-53.8828
SYRUPUSDT,SYRUP,USDT,USDT-FUTURES,perpetual,20,NO,90,89,2025-12-13,2026-03-12,0.2673,0.2474,-7.4448,46.0674,1.0173,-49.5641
SYSUSDT,SYS,USDT,USDT-FUTURES,perpetual,10,NO,90,89,2025-12-13,2026-03-12,0.01856,0.012,-35.3448,39.3258,0.7535,-53.3872
TACUSDT,TAC,USDT,USDT-FUTURES,perpetual,10,NO,90,89,2025-12-13,2026-03-12,0.004444,0.004083,-8.1233,44.9438,0.9694,-21.157
TAGUSDT,TAG,USDT,USDT-FUTURES,perpetual,50,NO,90,89,2025-12-13,2026-03-12,0.0006101,0.0004436,-27.2906,42.6966,0.923,-56.4006
TAIKOUSDT,TAIKO,USDT,USDT-FUTURES,perpetual,25,NO,90,89,2025-12-13,2026-03-12,0.1797,0.1225,-31.8308,43.8202,0.7879,-46.5909
TAOUSDT,TAO,USDT,USDT-FUTURES,perpetual,50,NO,90,89,2025-12-13,2026-03-12,287.94,220.34,-23.4771,44.9438,0.913,-50.7307
THETAUSDT,THETA,USDT,USDT-FUTURES,perpetual,50,NO,90,89,2025-12-13,2026-03-12,0.3416,0.1804,-47.1897,43.8202,0.6702,-47.9801
THEUSDT,THE,USDT,USDT-FUTURES,perpetual,50,NO,90,89,2025-12-13,2026-03-12,0.1788,0.2765,54.6421,52.809,1.4592,-24.3815
TIAUSDT,TIA,USDT,USDT-FUTURES,perpetual,75,NO,90,89,2025-12-13,2026-03-12,0.5527,0.3424,-38.0496,43.8202,0.7879,-50.748
TLMUSDT,TLM,USDT,USDT-FUTURES,perpetual,25,NO,90,89,2025-12-13,2026-03-12,0.002244,0.0017,-24.2424,38.2022,0.9242,-45.2883
TNSRUSDT,TNSR,USDT,USDT-FUTURES,perpetual,50,NO,90,89,2025-12-13,2026-03-12,0.09662,0.0469,-51.4593,41.573,0.6441,-56.1685
TONUSDT,TON,USDT,USDT-FUTURES,perpetual,75,NO,90,89,2025-12-13,2026-03-12,1.5865,1.3061,-17.6741,44.9438,0.8478,-35.1049
TOSHIUSDT,TOSHI,USDT,USDT-FUTURES,perpetual,20,NO,90,89,2025-12-13,2026-03-12,0.0003815,0.0002157,-43.46,35.9551,0.7886,-51.7431
TOWNSUSDT,TOWNS,USDT,USDT-FUTURES,perpetual,10,NO,90,89,2025-12-13,2026-03-12,0.007266,0.003719,-48.8164,43.8202,0.6997,-56.6612
TRBUSDT,TRB,USDT,USDT-FUTURES,perpetual,50,NO,90,89,2025-12-13,2026-03-12,20.47,16.299,-20.3762,44.9438,0.8767,-42.767
TREEUSDT,TREE,USDT,USDT-FUTURES,perpetual,25,NO,90,89,2025-12-13,2026-03-12,0.1143,0.0696,-39.1076,42.6966,0.7446,-43.832
TRIAUSDT,TRIA,USDT,USDT-FUTURES,perpetual,20,NO,36,35,2026-02-05,2026-03-12,0.024223,0.033714,39.1818,48.5714,1.3935,-40.3253
TRUMPUSDT,TRUMP,USDT,USDT-FUTURES,perpetual,75,NO,90,89,2025-12-13,2026-03-12,5.467,2.937,-46.2777,34.8315,0.5669,-51.4467
TRUSTUSDT,TRUST,USDT,USDT-FUTURES,perpetual,50,NO,90,89,2025-12-13,2026-03-12,0.11717,0.07023,-40.0614,42.6966,0.7354,-43.403
TRXUSDT,TRX,USDT,USDT-FUTURES,perpetual,75,NO,90,89,2025-12-13,2026-03-12,0.27552,0.29002,5.2628,51.6854,1.1555,-14.7422
TSLAUSDT,TSLA,USDT,USDT-FUTURES,perpetual,100,YES,90,89,2025-12-13,2026-03-12,456.08,397.6,-12.8223,40.4494,0.8209,-21.1183
TSMUSDT,TSM,USDT,USDT-FUTURES,perpetual,50,YES,12,11,2026-03-01,2026-03-12,368.46,340.16,-7.6806,36.3636,0.5415,-8.1746
TSTBSCUSDT,TSTBSC,USDT,USDT-FUTURES,perpetual,25,NO,90,89,2025-12-13,2026-03-12,0.0145,0.01019,-29.7241,44.9438,0.8595,-53.2821
TURBOUSDT,TURBO,USDT,USDT-FUTURES,perpetual,25,NO,90,89,2025-12-13,2026-03-12,0.002045,0.001204,-41.1247,41.573,0.7863,-59.2986
TUSDT,T,USDT,USDT-FUTURES,perpetual,50,NO,90,89,2025-12-13,2026-03-12,0.01037,0.00671,-35.2941,49.4382,0.6995,-38.8621
TUTUSDT,TUT,USDT,USDT-FUTURES,perpetual,20,NO,90,89,2025-12-13,2026-03-12,0.01336,0.01127,-15.6437,42.6966,0.9434,-48.1707
UAIUSDT,UAI,USDT,USDT-FUTURES,perpetual,25,NO,90,89,2025-12-13,2026-03-12,0.15849,0.34454,117.3891,51.6854,1.491,-34.1003
UBUSDT,UB,USDT,USDT-FUTURES,perpetual,50,NO,90,89,2025-12-13,2026-03-12,0.04205,0.03196,-23.9952,49.4382,0.9391,-34.8575
UMAUSDT,UMA,USDT,USDT-FUTURES,perpetual,50,NO,90,89,2025-12-13,2026-03-12,0.7624,0.4276,-43.914,46.0674,0.6794,-50.6089
UNHUSDT,UNH,USDT,USDT-FUTURES,perpetual,20,YES,90,89,2025-12-13,2026-03-12,344.7,277.8,-19.4082,47.191,0.6953,-24.307
UNIUSDT,UNI,USDT,USDT-FUTURES,perpetual,75,NO,90,89,2025-12-13,2026-03-12,5.377,3.966,-26.2414,42.6966,0.8805,-48.346
USDCUSDT,USDC,USDT,USDT-FUTURES,perpetual,50,NO,90,89,2025-12-13,2026-03-12,0.9991,0.9993,0.02,42.6966,1.0194,-0.1998
USELESSUSDT,USELESS,USDT,USDT-FUTURES,perpetual,20,NO,90,89,2025-12-13,2026-03-12,0.0906,0.03945,-56.457,39.3258,0.8496,-75.3787
USTCUSDT,USTC,USDT,USDT-FUTURES,perpetual,50,NO,90,89,2025-12-13,2026-03-12,0.0074,0.00504,-31.8919,42.6966,0.8102,-40.7125
USUALUSDT,USUAL,USDT,USDT-FUTURES,perpetual,50,NO,90,89,2025-12-13,2026-03-12,0.02752,0.0149,-45.8576,41.573,0.7213,-62.0468
USUSDT,US,USDT,USDT-FUTURES,perpetual,25,NO,90,89,2025-12-13,2026-03-12,0.01306,0.003831,-70.6662,41.573,0.7113,-83.6765
VANAUSDT,VANA,USDT,USDT-FUTURES,perpetual,50,NO,90,89,2025-12-13,2026-03-12,2.819,1.424,-49.4856,41.573,0.6446,-52.4377
VANRYUSDT,VANRY,USDT,USDT-FUTURES,perpetual,25,NO,90,89,2025-12-13,2026-03-12,0.00921,0.005067,-44.9837,39.3258,0.7102,-55.5014
VELODROMEUSDT,VELODROME,USDT,USDT-FUTURES,perpetual,20,NO,90,89,2025-12-13,2026-03-12,0.025838,0.016613,-35.7032,46.0674,0.7757,-49.2337
VELOUSDT,VELO,USDT,USDT-FUTURES,perpetual,25,NO,90,89,2025-12-13,2026-03-12,0.005882,0.003619,-38.4733,42.6966,0.7777,-61.5085
VELVETUSDT,VELVET,USDT,USDT-FUTURES,perpetual,10,NO,90,89,2025-12-13,2026-03-12,0.19839,0.07648,-61.4497,44.9438,0.6472,-63.9768
VETUSDT,VET,USDT,USDT-FUTURES,perpetual,50,NO,90,89,2025-12-13,2026-03-12,0.011405,0.007305,-35.9491,38.2022,0.7367,-46.9062
VICUSDT,VIC,USDT,USDT-FUTURES,perpetual,10,NO,90,89,2025-12-13,2026-03-12,0.0988,0.04768,-51.7409,38.2022,0.569,-57.6505
VINEUSDT,VINE,USDT,USDT-FUTURES,perpetual,20,NO,90,89,2025-12-13,2026-03-12,0.02867,0.01856,-35.2633,44.9438,0.7755,-52.5128
VIRTUALUSDT,VIRTUAL,USDT,USDT-FUTURES,perpetual,25,NO,90,89,2025-12-13,2026-03-12,0.7824,0.7277,-6.9913,46.0674,1.0382,-52.0924
VTHOUSDT,VTHO,USDT,USDT-FUTURES,perpetual,50,NO,90,89,2025-12-13,2026-03-12,0.000932,0.000592,-36.4807,42.6966,0.7335,-43.5447
VVVUSDT,VVV,USDT,USDT-FUTURES,perpetual,20,NO,90,89,2025-12-13,2026-03-12,1.086,6.066,458.5635,50.5618,1.906,-48.1124
WALUSDT,WAL,USDT,USDT-FUTURES,perpetual,20,NO,90,89,2025-12-13,2026-03-12,0.1481,0.0801,-45.9149,46.0674,0.7239,-54.6758
WAVESUSDT,WAVES,USDT,USDT-FUTURES,perpetual,25,NO,90,89,2025-12-13,2026-03-12,0.6954,0.461,-33.7072,42.6966,0.6809,-37.2893
WAXPUSDT,WAXP,USDT,USDT-FUTURES,perpetual,50,NO,90,89,2025-12-13,2026-03-12,0.00837,0.00635,-24.1338,44.9438,0.8104,-35.4808
WCTUSDT,WCT,USDT,USDT-FUTURES,perpetual,50,NO,90,89,2025-12-13,2026-03-12,0.0769,0.0612,-20.4161,42.6966,0.9425,-39.9382
WETUSDT,WET,USDT,USDT-FUTURES,perpetual,25,NO,90,89,2025-12-13,2026-03-12,0.1912,0.1066,-44.2469,47.191,0.834,-72.6541
WIFUSDT,WIF,USDT,USDT-FUTURES,perpetual,50,NO,90,89,2025-12-13,2026-03-12,0.3877,0.1704,-56.0485,34.8315,0.6581,-61.9234
WLDUSDT,WLD,USDT,USDT-FUTURES,perpetual,75,NO,90,89,2025-12-13,2026-03-12,0.5709,0.3632,-36.3812,35.9551,0.7634,-44.6127
WLFIUSDT,WLFI,USDT,USDT-FUTURES,perpetual,75,NO,90,89,2025-12-13,2026-03-12,0.1385,0.1018,-26.4982,48.3146,0.881,-47.9679
WMTUSDT,WMT,USDT,USDT-FUTURES,perpetual,50,YES,12,11,2026-03-01,2026-03-12,127.73,125.57,-1.6911,63.6364,0.7319,-3.985
WOOUSDT,WOO,USDT,USDT-FUTURES,perpetual,50,NO,90,89,2025-12-13,2026-03-12,0.02598,0.01833,-29.4457,41.573,0.8729,-52.0421
WUSDT,W,USDT,USDT-FUTURES,perpetual,75,NO,90,89,2025-12-13,2026-03-12,0.03694,0.01842,-50.1354,39.3258,0.6447,-56.2266
XAGUSDT,XAG,USDT,USDT-FUTURES,perpetual,100,NO,66,65,2026-01-06,2026-03-12,77.41,84.85,9.6112,61.5385,1.1675,-35.2463
XAIUSDT,XAI,USDT,USDT-FUTURES,perpetual,50,NO,90,89,2025-12-13,2026-03-12,0.01659,0.01161,-30.0181,35.9551,0.8288,-53.492
XANUSDT,XAN,USDT,USDT-FUTURES,perpetual,50,NO,90,89,2025-12-13,2026-03-12,0.01696,0.006662,-60.7193,39.3258,0.5856,-67.3199
XAUTUSDT,XAUT,USDT,USDT-FUTURES,perpetual,50,NO,90,89,2025-12-13,2026-03-12,4304.7,5087.7,18.1894,61.7978,1.453,-12.7476
XAUUSDT,XAU,USDT,USDT-FUTURES,perpetual,100,NO,90,89,2025-12-13,2026-03-12,4306.44,5109.99,18.6593,65.1685,1.4778,-12.416
XDCUSDT,XDC,USDT,USDT-FUTURES,perpetual,50,NO,90,89,2025-12-13,2026-03-12,0.04719,0.0328,-30.4937,39.3258,0.7742,-41.3144
XLMUSDT,XLM,USDT,USDT-FUTURES,perpetual,75,NO,90,89,2025-12-13,2026-03-12,0.23138,0.16164,-30.1409,41.573,0.785,-39.4956
XMRUSDT,XMR,USDT,USDT-FUTURES,perpetual,50,NO,90,89,2025-12-13,2026-03-12,407.85,354.55,-13.0685,50.5618,0.9713,-56.1499
XOMUSDT,XOM,USDT,USDT-FUTURES,perpetual,50,NO,2,1,2026-03-11,2026-03-12,154.44,153.96,-0.3108,0.0,0.0,-0.3108
XPDUSDT,XPD,USDT,USDT-FUTURES,perpetual,100,NO,43,42,2026-01-29,2026-03-12,1814.58,1634.79,-9.9081,42.8571,0.7856,-10.355
XPINUSDT,XPIN,USDT,USDT-FUTURES,perpetual,50,NO,90,89,2025-12-13,2026-03-12,0.0018982,0.0015238,-19.7239,38.2022,0.9751,-56.1496
XPLUSDT,XPL,USDT,USDT-FUTURES,perpetual,75,NO,90,89,2025-12-13,2026-03-12,0.1548,0.1073,-30.6848,49.4382,0.9019,-60.5368
XPTUSDT,XPT,USDT,USDT-FUTURES,perpetual,100,NO,43,42,2026-01-29,2026-03-12,2278.6,2162.81,-5.0816,50.0,0.9388,-12.9826
XRPUSDT,XRP,USDT,USDT-FUTURES,perpetual,125,NO,90,89,2025-12-13,2026-03-12,1.9906,1.4067,-29.3329,46.0674,0.7989,-44.8177
XTZUSDT,XTZ,USDT,USDT-FUTURES,perpetual,75,NO,90,89,2025-12-13,2026-03-12,0.4858,0.3679,-24.2692,39.3258,0.7995,-41.349
XVGUSDT,XVG,USDT,USDT-FUTURES,perpetual,20,NO,90,89,2025-12-13,2026-03-12,0.005863,0.005114,-12.775,46.0674,0.9782,-36.8277
XVSUSDT,XVS,USDT,USDT-FUTURES,perpetual,50,NO,90,89,2025-12-13,2026-03-12,4.311,3.036,-29.5755,49.4382,0.8346,-52.8854
YBUSDT,YB,USDT,USDT-FUTURES,perpetual,50,NO,90,89,2025-12-13,2026-03-12,0.4579,0.1634,-64.3154,40.4494,0.5519,-67.3394
YGGUSDT,YGG,USDT,USDT-FUTURES,perpetual,50,NO,90,89,2025-12-13,2026-03-12,0.07009,0.04009,-42.8021,44.9438,0.748,-54.5648
ZAMAUSDT,ZAMA,USDT,USDT-FUTURES,perpetual,20,NO,40,39,2026-02-01,2026-03-12,0.0335,0.02167,-35.3134,46.1538,0.7715,-48.5373
ZBCNUSDT,ZBCN,USDT,USDT-FUTURES,perpetual,20,NO,90,89,2025-12-13,2026-03-12,0.0026335,0.0020265,-23.0492,43.8202,0.9518,-50.7129
ZBTUSDT,ZBT,USDT,USDT-FUTURES,perpetual,10,NO,90,89,2025-12-13,2026-03-12,0.0962,0.0749,-22.1414,37.0787,1.0582,-61.0303
ZECUSDT,ZEC,USDT,USDT-FUTURES,perpetual,75,NO,90,89,2025-12-13,2026-03-12,403.41,212.78,-47.2547,41.573,0.7646,-63.4469
ZENUSDT,ZEN,USDT,USDT-FUTURES,perpetual,50,NO,90,89,2025-12-13,2026-03-12,8.379,5.5,-34.3597,40.4494,0.8443,-61.3317
ZETAUSDT,ZETA,USDT,USDT-FUTURES,perpetual,50,NO,90,89,2025-12-13,2026-03-12,0.079,0.0503,-36.3291,41.573,0.7794,-42.1698
ZILUSDT,ZIL,USDT,USDT-FUTURES,perpetual,75,NO,90,89,2025-12-13,2026-03-12,0.005122,0.004244,-17.1417,43.8202,0.9666,-37.2546
ZKCUSDT,ZKC,USDT,USDT-FUTURES,perpetual,50,NO,90,89,2025-12-13,2026-03-12,0.1202,0.0844,-29.7837,40.4494,0.9225,-48.8775
ZKJUSDT,ZKJ,USDT,USDT-FUTURES,perpetual,20,NO,90,89,2025-12-13,2026-03-12,0.04224,0.02519,-40.3646,42.6966,0.7213,-53.5214
ZKPUSDT,ZKP,USDT,USDT-FUTURES,perpetual,20,NO,83,82,2025-12-20,2026-03-12,0.11812,0.08566,-27.4805,43.9024,1.0131,-56.8711
ZKUSDT,ZK,USDT,USDT-FUTURES,perpetual,75,NO,90,89,2025-12-13,2026-03-12,0.02952,0.01924,-34.8238,41.573,0.8212,-51.3383
ZORAUSDT,ZORA,USDT,USDT-FUTURES,perpetual,25,NO,90,89,2025-12-13,2026-03-12,0.04813,0.01757,-63.4947,39.3258,0.595,-66.2782
ZROUSDT,ZRO,USDT,USDT-FUTURES,perpetual,75,NO,90,89,2025-12-13,2026-03-12,1.492,2.0551,37.7413,46.0674,1.3049,-43.1377
ZRXUSDT,ZRX,USDT,USDT-FUTURES,perpetual,50,NO,90,89,2025-12-13,2026-03-12,0.1348,0.1063,-21.1424,42.6966,0.9081,-38.0124
